order_id,order_date,customer_name,customer_email,customer_city,product_name,category,unit_price,quantity
1368,2025-01-01,Tomás Díaz,tomás.diaz21@mail.com,Mendoza,"Notebook 15""",Computadoras,722500,2
1368,2025-01-01,Tomás Díaz,tomás.diaz21@mail.com,Mendoza,Webcam HD,Periféricos,16650,2
1368,2025-01-01,Tomás Díaz,tomás.diaz21@mail.com,Mendoza,Teclado mecánico,Periféricos,32000,4
1539,2025-01-01,Agustina Rodríguez,agustina.rodriguez34@mail.com,Buenos Aires,Router WiFi,Redes,38000,4
1539,2025-01-01,Agustina Rodríguez,agustina.rodriguez34@mail.com,Buenos Aires,"Notebook 15""",Computadoras,722500,1
1539,2025-01-01,Agustina Rodríguez,agustina.rodriguez34@mail.com,Buenos Aires,Silla ergonómica,Muebles,210000,4
1588,2025-01-01,Juan Gómez,juan.gomez0@mail.com,San Juan,"Monitor 24""",Monitores,123250,4
1588,2025-01-01,Juan Gómez,juan.gomez0@mail.com,San Juan,SSD 1TB,Almacenamiento,58500,1
1588,2025-01-01,Juan Gómez,juan.gomez0@mail.com,San Juan,Webcam HD,Periféricos,18500,4
1015,2025-01-02,Franco Fernández,franco.fernández24@mail.com,Córdoba,Webcam HD,Periféricos,16650,3
1015,2025-01-02,Franco Fernández,franco.fernández24@mail.com,Córdoba,Mochila para notebook,Accesorios,24000,4
1459,2025-01-02,Emilio Díaz,emilio.diaz15@mail.com,Mendoza,Router WiFi,Redes,38000,1
1510,2025-01-03,Camila Acosta,camila.acosta2@mail.com,Mendoza,Hub USB-C,Periféricos,12500,1
1510,2025-01-03,Camila Acosta,camila.acosta2@mail.com,Mendoza,"Notebook 15""",Computadoras,850000,2
1510,2025-01-03,Camila Acosta,camila.acosta2@mail.com,Mendoza,Silla ergonómica,Muebles,189000,2
1542,2025-01-03,Camila López,camila.lopez12@mail.com,Córdoba,Cargador rápido,Accesorios,8075,1
1542,2025-01-03,Camila López,camila.lopez12@mail.com,Córdoba,Mouse inalámbrico,Periféricos,7650,1
1542,2025-01-03,Camila López,camila.lopez12@mail.com,Córdoba,Hub USB-C,Periféricos,12500,2
1148,2025-01-04,Santiago López,santiago.lopez7@mail.com,San Juan,Cargador rápido,Accesorios,9500,2
1148,2025-01-04,Santiago López,santiago.lopez7@mail.com,San Juan,"Notebook 15""",Computadoras,722500,4
1108,2025-01-05,Micaela Martínez,micaela.martinez42@mail.com,Buenos Aires,Webcam HD,Periféricos,18500,2
1108,2025-01-05,Micaela Martínez,micaela.martinez42@mail.com,Buenos Aires,Router WiFi,Redes,38000,4
1343,2025-01-05,Martín Martínez,martin.martinez33@mail.com,Rosario,Router WiFi,Redes,38000,3
1343,2025-01-05,Martín Martínez,martin.martinez33@mail.com,Rosario,"Monitor 24""",Monitores,130500,2
1343,2025-01-05,Martín Martínez,martin.martinez33@mail.com,Rosario,Mochila para notebook,Accesorios,24000,4
1434,2025-01-05,Agustina Flores,agustina.flores51@mail.com,Córdoba,Webcam HD,Periféricos,18500,3
1355,2025-01-06,Sofía Gómez,sofia.gomez44@mail.com,Mendoza,Mochila para notebook,Accesorios,20400,3
1074,2025-01-07,Rocío Rodríguez,rocio.rodriguez55@mail.com,San Juan,Webcam HD,Periféricos,18500,4
1074,2025-01-07,Rocío Rodríguez,rocio.rodriguez55@mail.com,San Juan,Mochila para notebook,Accesorios,24000,2
1074,2025-01-07,Rocío Rodríguez,rocio.rodriguez55@mail.com,San Juan,Router WiFi,Redes,34200,3
1348,2025-01-07,Mateo Flores,mateo.flores56@mail.com,La Plata,SSD 1TB,Almacenamiento,55250,4
1348,2025-01-07,Mateo Flores,mateo.flores56@mail.com,La Plata,"Monitor 24""",Monitores,145000,4
1361,2025-01-07,Agustina Romero,agustina.romero54@mail.com,Buenos Aires,Mouse inalámbrico,Periféricos,8500,4
1013,2025-01-08,Milagros Pérez,milagros.pérez41@mail.com,La Plata,Auriculares Bluetooth,Audio,18900,2
1267,2025-01-08,Franco Torres,franco.torres19@mail.com,Buenos Aires,Auriculares Bluetooth,Audio,18900,1
1277,2025-01-09,Mateo Flores,mateo.flores18@mail.com,La Plata,Cargador rápido,Accesorios,9500,2
1277,2025-01-09,Mateo Flores,mateo.flores18@mail.com,La Plata,Router WiFi,Redes,32300,1
1277,2025-01-09,Mateo Flores,mateo.flores18@mail.com,La Plata,"Notebook 15""",Computadoras,850000,2
1387,2025-01-10,Juan Flores,juan.flores50@mail.com,La Plata,Cargador rápido,Accesorios,8075,4
1387,2025-01-10,Juan Flores,juan.flores50@mail.com,La Plata,SSD 1TB,Almacenamiento,65000,4
1151,2025-01-11,Franco López,franco.lopez25@mail.com,San Juan,"Monitor 24""",Monitores,145000,4
1151,2025-01-11,Franco López,franco.lopez25@mail.com,San Juan,Hub USB-C,Periféricos,11250,1
1580,2025-01-12,Agustina Romero,agustina.romero54@mail.com,Buenos Aires,Cargador rápido,Accesorios,9500,2
1594,2025-01-12,Santiago Rodríguez,santiago.rodriguez3@mail.com,La Plata,Teclado mecánico,Periféricos,32000,3
1648,2025-01-12,Rocío Gómez,rocio.gomez59@mail.com,La Plata,Auriculares Bluetooth,Audio,21000,3
1638,2025-01-13,Milagros Pérez,milagros.pérez41@mail.com,La Plata,"Monitor 24""",Monitores,123250,4
1638,2025-01-13,Milagros Pérez,milagros.pérez41@mail.com,La Plata,SSD 1TB,Almacenamiento,58500,2
1059,2025-01-14,Micaela Flores,micaela.flores37@mail.com,Rosario,Hub USB-C,Periféricos,11250,4
1059,2025-01-14,Micaela Flores,micaela.flores37@mail.com,Rosario,Router WiFi,Redes,38000,2
1142,2025-01-14,Agustina Romero,agustina.romero54@mail.com,Buenos Aires,Router WiFi,Redes,38000,2
1142,2025-01-14,Agustina Romero,agustina.romero54@mail.com,Buenos Aires,Webcam HD,Periféricos,18500,3
1142,2025-01-14,Agustina Romero,agustina.romero54@mail.com,Buenos Aires,Mouse inalámbrico,Periféricos,8500,3
1412,2025-01-14,Rocío Torres,rocio.torres6@mail.com,Mendoza,"Monitor 24""",Monitores,145000,3
1092,2025-01-15,Santiago López,santiago.lopez7@mail.com,San Juan,Hub USB-C,Periféricos,10625,3
1092,2025-01-15,Santiago López,santiago.lopez7@mail.com,San Juan,Auriculares Bluetooth,Audio,17850,1
1092,2025-01-15,Santiago López,santiago.lopez7@mail.com,San Juan,"Monitor 24""",Monitores,145000,4
1207,2025-01-15,Camila Acosta,camila.acosta2@mail.com,Mendoza,Mouse inalámbrico,Periféricos,8500,3
1557,2025-01-15,Rocío Rodríguez,rocio.rodriguez55@mail.com,San Juan,Teclado mecánico,Periféricos,28800,1
1557,2025-01-15,Rocío Rodríguez,rocio.rodriguez55@mail.com,San Juan,Webcam HD,Periféricos,18500,2
1321,2025-01-16,Sofía López,sofia.lopez5@mail.com,Buenos Aires,Webcam HD,Periféricos,18500,1
1389,2025-01-16,Juan Martínez,juan.martinez14@mail.com,Córdoba,Mouse inalámbrico,Periféricos,7225,3
1389,2025-01-16,Juan Martínez,juan.martinez14@mail.com,Córdoba,Mochila para notebook,Accesorios,24000,2
1399,2025-01-17,Franco López,franco.lopez25@mail.com,San Juan,Hub USB-C,Periféricos,10625,3
1489,2025-01-17,Florencia Romero,florencia.romero48@mail.com,Córdoba,Mochila para notebook,Accesorios,20400,2
1489,2025-01-17,Florencia Romero,florencia.romero48@mail.com,Córdoba,Teclado mecánico,Periféricos,32000,4
1564,2025-01-17,Agustina Rodríguez,agustina.rodriguez34@mail.com,Buenos Aires,SSD 1TB,Almacenamiento,65000,4
1564,2025-01-17,Agustina Rodríguez,agustina.rodriguez34@mail.com,Buenos Aires,"Notebook 15""",Computadoras,850000,4
1564,2025-01-17,Agustina Rodríguez,agustina.rodriguez34@mail.com,Buenos Aires,"Monitor 24""",Monitores,145000,1
1599,2025-01-18,Micaela Pérez,micaela.pérez47@mail.com,La Plata,Mochila para notebook,Accesorios,20400,1
1624,2025-01-18,Juan Gómez,juan.gomez0@mail.com,San Juan,Hub USB-C,Periféricos,12500,2
1624,2025-01-18,Juan Gómez,juan.gomez0@mail.com,San Juan,Mouse inalámbrico,Periféricos,8500,1
1026,2025-01-19,Agustina Rodríguez,agustina.rodriguez34@mail.com,Buenos Aires,Hub USB-C,Periféricos,11250,2
1026,2025-01-19,Agustina Rodríguez,agustina.rodriguez34@mail.com,Buenos Aires,Silla ergonómica,Muebles,210000,2
1520,2025-01-19,Juan Rodríguez,juan.rodriguez13@mail.com,Rosario,Webcam HD,Periféricos,18500,4
1520,2025-01-19,Juan Rodríguez,juan.rodriguez13@mail.com,Rosario,Silla ergonómica,Muebles,189000,3
1520,2025-01-19,Juan Rodríguez,juan.rodriguez13@mail.com,Rosario,Router WiFi,Redes,32300,2
1237,2025-01-20,Micaela Pérez,micaela.pérez47@mail.com,La Plata,"Notebook 15""",Computadoras,850000,2
1376,2025-01-21,Juan Díaz,juan.diaz52@mail.com,Rosario,SSD 1TB,Almacenamiento,65000,2
1608,2025-01-21,Florencia Romero,florencia.romero16@mail.com,Mendoza,Cargador rápido,Accesorios,8075,3
1608,2025-01-21,Florencia Romero,florencia.romero16@mail.com,Mendoza,Mochila para notebook,Accesorios,24000,4
1281,2025-01-22,Franco Fernández,franco.fernández58@mail.com,La Plata,Auriculares Bluetooth,Audio,21000,4
1419,2025-01-22,Santiago Pérez,santiago.pérez8@mail.com,Buenos Aires,Teclado mecánico,Periféricos,32000,4
1419,2025-01-22,Santiago Pérez,santiago.pérez8@mail.com,Buenos Aires,Router WiFi,Redes,32300,2
1525,2025-01-22,Juan Martínez,juan.martinez14@mail.com,Córdoba,Auriculares Bluetooth,Audio,18900,4
1525,2025-01-22,Juan Martínez,juan.martinez14@mail.com,Córdoba,Silla ergonómica,Muebles,210000,4
1525,2025-01-22,Juan Martínez,juan.martinez14@mail.com,Córdoba,SSD 1TB,Almacenamiento,65000,1
1631,2025-01-22,Martín Martínez,martin.martinez33@mail.com,Rosario,Silla ergonómica,Muebles,210000,2
1631,2025-01-22,Martín Martínez,martin.martinez33@mail.com,Rosario,Hub USB-C,Periféricos,12500,2
1258,2025-01-23,Micaela Pérez,micaela.pérez47@mail.com,La Plata,Mochila para notebook,Accesorios,24000,2
1258,2025-01-23,Micaela Pérez,micaela.pérez47@mail.com,La Plata,Auriculares Bluetooth,Audio,17850,2
1304,2025-01-23,Lucía Fernández,lucia.fernández10@mail.com,San Juan,Router WiFi,Redes,34200,3
1304,2025-01-23,Lucía Fernández,lucia.fernández10@mail.com,San Juan,Cargador rápido,Accesorios,9500,1
1304,2025-01-23,Lucía Fernández,lucia.fernández10@mail.com,San Juan,"Notebook 15""",Computadoras,850000,1
1251,2025-01-24,Bruno Gómez,bruno.gomez4@mail.com,Mendoza,SSD 1TB,Almacenamiento,65000,1
1251,2025-01-24,Bruno Gómez,bruno.gomez4@mail.com,Mendoza,Teclado mecánico,Periféricos,32000,4
1178,2025-01-25,Santiago López,santiago.lopez7@mail.com,San Juan,"Notebook 15""",Computadoras,850000,4
1274,2025-01-25,Juan Díaz,juan.diaz52@mail.com,Rosario,"Notebook 15""",Computadoras,850000,2
1335,2025-01-25,Emilio López,emilio.lopez57@mail.com,Buenos Aires,Teclado mecánico,Periféricos,32000,4
1454,2025-01-25,Santiago Gómez,santiago.gomez49@mail.com,San Juan,Mouse inalámbrico,Periféricos,8500,1
1454,2025-01-25,Santiago Gómez,santiago.gomez49@mail.com,San Juan,Router WiFi,Redes,34200,1
1454,2025-01-25,Santiago Gómez,santiago.gomez49@mail.com,San Juan,Teclado mecánico,Periféricos,28800,4
1017,2025-01-26,Santiago Rodríguez,santiago.rodriguez3@mail.com,La Plata,Mochila para notebook,Accesorios,24000,2
1017,2025-01-26,Santiago Rodríguez,santiago.rodriguez3@mail.com,La Plata,Silla ergonómica,Muebles,210000,1
1017,2025-01-26,Santiago Rodríguez,santiago.rodriguez3@mail.com,La Plata,Router WiFi,Redes,32300,1
1125,2025-01-26,Agustina López,agustina.lopez1@mail.com,Buenos Aires,Auriculares Bluetooth,Audio,21000,2
1125,2025-01-26,Agustina López,agustina.lopez1@mail.com,Buenos Aires,"Monitor 24""",Monitores,123250,2
1410,2025-01-26,Rocío Torres,rocio.torres6@mail.com,Mendoza,Hub USB-C,Periféricos,12500,4
1410,2025-01-26,Rocío Torres,rocio.torres6@mail.com,Mendoza,Silla ergonómica,Muebles,210000,1
1634,2025-01-26,Micaela Díaz,micaela.diaz30@mail.com,San Juan,"Notebook 15""",Computadoras,722500,4
1634,2025-01-26,Micaela Díaz,micaela.diaz30@mail.com,San Juan,Webcam HD,Periféricos,18500,4
1634,2025-01-26,Micaela Díaz,micaela.diaz30@mail.com,San Juan,Teclado mecánico,Periféricos,28800,2
1364,2025-01-27,Julieta Gómez,julieta.gomez32@mail.com,Buenos Aires,Auriculares Bluetooth,Audio,18900,1
1547,2025-01-27,Agustina Flores,agustina.flores51@mail.com,Córdoba,"Notebook 15""",Computadoras,850000,1
1513,2025-01-28,Agustina Romero,agustina.romero54@mail.com,Buenos Aires,Mochila para notebook,Accesorios,24000,1
1513,2025-01-28,Agustina Romero,agustina.romero54@mail.com,Buenos Aires,Router WiFi,Redes,38000,1
1513,2025-01-28,Agustina Romero,agustina.romero54@mail.com,Buenos Aires,Silla ergonómica,Muebles,210000,1
1203,2025-01-29,Franco Fernández,franco.fernández58@mail.com,La Plata,Silla ergonómica,Muebles,210000,2
1280,2025-01-29,Micaela Díaz,micaela.diaz30@mail.com,San Juan,Mouse inalámbrico,Periféricos,7650,4
1280,2025-01-29,Micaela Díaz,micaela.diaz30@mail.com,San Juan,"Monitor 24""",Monitores,123250,3
1280,2025-01-29,Micaela Díaz,micaela.diaz30@mail.com,San Juan,Teclado mecánico,Periféricos,27200,1
1354,2025-01-29,Tomás Acosta,tomás.acosta39@mail.com,La Plata,Router WiFi,Redes,38000,2
1354,2025-01-29,Tomás Acosta,tomás.acosta39@mail.com,La Plata,Cargador rápido,Accesorios,9500,1
1359,2025-01-29,Agustina Sánchez,agustina.sánchez23@mail.com,San Juan,Hub USB-C,Periféricos,12500,3
1359,2025-01-29,Agustina Sánchez,agustina.sánchez23@mail.com,San Juan,"Monitor 24""",Monitores,145000,3
1487,2025-01-29,Santiago Rodríguez,santiago.rodriguez3@mail.com,La Plata,Webcam HD,Periféricos,18500,2
1002,2025-01-30,Emilio Díaz,emilio.diaz15@mail.com,Mendoza,Hub USB-C,Periféricos,12500,1
1250,2025-01-30,Valentina Flores,valentina.flores36@mail.com,Rosario,Mochila para notebook,Accesorios,21600,1
1250,2025-01-30,Valentina Flores,valentina.flores36@mail.com,Rosario,Router WiFi,Redes,38000,3
1250,2025-01-30,Valentina Flores,valentina.flores36@mail.com,Rosario,Webcam HD,Periféricos,15725,2
1084,2025-01-31,Bruno Gómez,bruno.gomez4@mail.com,Mendoza,Webcam HD,Periféricos,16650,3
1236,2025-01-31,Mateo Flores,mateo.flores18@mail.com,La Plata,Router WiFi,Redes,32300,2
1350,2025-01-31,Camila Acosta,camila.acosta2@mail.com,Mendoza,Silla ergonómica,Muebles,189000,4
1350,2025-01-31,Camila Acosta,camila.acosta2@mail.com,Mendoza,Webcam HD,Periféricos,18500,4
1371,2025-02-01,Bruno Gómez,bruno.gomez4@mail.com,Mendoza,Router WiFi,Redes,38000,2
1371,2025-02-01,Bruno Gómez,bruno.gomez4@mail.com,Mendoza,"Monitor 24""",Monitores,145000,3
1617,2025-02-01,Tomás Fernández,tomás.fernández29@mail.com,Rosario,Silla ergonómica,Muebles,210000,3
1617,2025-02-01,Tomás Fernández,tomás.fernández29@mail.com,Rosario,"Notebook 15""",Computadoras,722500,3
1130,2025-02-02,Santiago López,santiago.lopez7@mail.com,San Juan,Mochila para notebook,Accesorios,21600,1
1130,2025-02-02,Santiago López,santiago.lopez7@mail.com,San Juan,SSD 1TB,Almacenamiento,55250,2
1294,2025-02-02,Florencia Torres,florencia.torres9@mail.com,Córdoba,"Notebook 15""",Computadoras,765000,3
1313,2025-02-02,Micaela Rodríguez,micaela.rodriguez17@mail.com,La Plata,Teclado mecánico,Periféricos,32000,3
1313,2025-02-02,Micaela Rodríguez,micaela.rodriguez17@mail.com,La Plata,Silla ergonómica,Muebles,189000,2
1313,2025-02-02,Micaela Rodríguez,micaela.rodriguez17@mail.com,La Plata,"Monitor 24""",Monitores,145000,1
1358,2025-02-02,Martín Martínez,martin.martinez33@mail.com,Rosario,Cargador rápido,Accesorios,8550,1
1358,2025-02-02,Martín Martínez,martin.martinez33@mail.com,Rosario,Hub USB-C,Periféricos,10625,4
1582,2025-02-02,Rocío Torres,rocio.torres6@mail.com,Mendoza,Silla ergonómica,Muebles,189000,1
1582,2025-02-02,Rocío Torres,rocio.torres6@mail.com,Mendoza,Mouse inalámbrico,Periféricos,8500,1
1075,2025-02-03,Santiago López,santiago.lopez7@mail.com,San Juan,Mochila para notebook,Accesorios,24000,1
1075,2025-02-03,Santiago López,santiago.lopez7@mail.com,San Juan,Teclado mecánico,Periféricos,27200,2
1133,2025-02-03,Florencia Torres,florencia.torres9@mail.com,Córdoba,Webcam HD,Periféricos,16650,3
1381,2025-02-03,Agustina López,agustina.lopez1@mail.com,Buenos Aires,Router WiFi,Redes,38000,4
1037,2025-02-05,Sofía Torres,sofia.torres27@mail.com,San Juan,SSD 1TB,Almacenamiento,65000,1
1037,2025-02-05,Sofía Torres,sofia.torres27@mail.com,San Juan,Hub USB-C,Periféricos,11250,3
1037,2025-02-05,Sofía Torres,sofia.torres27@mail.com,San Juan,Cargador rápido,Accesorios,8550,3
1057,2025-02-05,Juan Martínez,juan.martinez14@mail.com,Córdoba,Mouse inalámbrico,Periféricos,8500,2
1057,2025-02-05,Juan Martínez,juan.martinez14@mail.com,Córdoba,Cargador rápido,Accesorios,9500,2
1057,2025-02-05,Juan Martínez,juan.martinez14@mail.com,Córdoba,Auriculares Bluetooth,Audio,18900,2
1444,2025-02-06,Santiago Rodríguez,santiago.rodriguez3@mail.com,La Plata,Auriculares Bluetooth,Audio,18900,1
1444,2025-02-06,Santiago Rodríguez,santiago.rodriguez3@mail.com,La Plata,Silla ergonómica,Muebles,189000,3
1505,2025-02-06,Milagros Acosta,milagros.acosta35@mail.com,Córdoba,Auriculares Bluetooth,Audio,18900,4
1505,2025-02-06,Milagros Acosta,milagros.acosta35@mail.com,Córdoba,Webcam HD,Periféricos,16650,4
1505,2025-02-06,Milagros Acosta,milagros.acosta35@mail.com,Córdoba,"Notebook 15""",Computadoras,850000,3
1616,2025-02-06,Camila Flores,camila.flores45@mail.com,Buenos Aires,Auriculares Bluetooth,Audio,21000,4
1618,2025-02-06,Camila Acosta,camila.acosta2@mail.com,Mendoza,Teclado mecánico,Periféricos,32000,1
1618,2025-02-06,Camila Acosta,camila.acosta2@mail.com,Mendoza,Auriculares Bluetooth,Audio,17850,2
1042,2025-02-07,Micaela Díaz,micaela.diaz30@mail.com,San Juan,"Notebook 15""",Computadoras,765000,2
1042,2025-02-07,Micaela Díaz,micaela.diaz30@mail.com,San Juan,Router WiFi,Redes,34200,4
1209,2025-02-07,Tomás Fernández,tomás.fernández29@mail.com,Rosario,Mouse inalámbrico,Periféricos,7650,4
1209,2025-02-07,Tomás Fernández,tomás.fernández29@mail.com,Rosario,"Monitor 24""",Monitores,145000,4
1209,2025-02-07,Tomás Fernández,tomás.fernández29@mail.com,Rosario,Mochila para notebook,Accesorios,20400,3
1288,2025-02-07,Camila Flores,camila.flores45@mail.com,Buenos Aires,Webcam HD,Periféricos,16650,2
1282,2025-02-08,Camila Acosta,camila.acosta2@mail.com,Mendoza,Webcam HD,Periféricos,18500,1
1282,2025-02-08,Camila Acosta,camila.acosta2@mail.com,Mendoza,Silla ergonómica,Muebles,210000,3
1282,2025-02-08,Camila Acosta,camila.acosta2@mail.com,Mendoza,Hub USB-C,Periféricos,10625,2
1285,2025-02-08,Juan Martínez,juan.martinez14@mail.com,Córdoba,Hub USB-C,Periféricos,12500,4
1285,2025-02-08,Juan Martínez,juan.martinez14@mail.com,Córdoba,Cargador rápido,Accesorios,9500,1
1150,2025-02-09,Franco Fernández,franco.fernández58@mail.com,La Plata,Hub USB-C,Periféricos,11250,4
1150,2025-02-09,Franco Fernández,franco.fernández58@mail.com,La Plata,"Notebook 15""",Computadoras,850000,3
1549,2025-02-10,Agustina Sánchez,agustina.sánchez23@mail.com,San Juan,Mouse inalámbrico,Periféricos,7225,3
1549,2025-02-10,Agustina Sánchez,agustina.sánchez23@mail.com,San Juan,"Notebook 15""",Computadoras,850000,1
1549,2025-02-10,Agustina Sánchez,agustina.sánchez23@mail.com,San Juan,Router WiFi,Redes,34200,4
1581,2025-02-10,Micaela Pérez,micaela.pérez47@mail.com,La Plata,"Monitor 24""",Monitores,145000,4
1079,2025-02-11,Micaela Martínez,micaela.martinez42@mail.com,Buenos Aires,Auriculares Bluetooth,Audio,17850,2
1247,2025-02-11,Camila Romero,camila.romero43@mail.com,Rosario,Mochila para notebook,Accesorios,20400,1
1247,2025-02-11,Camila Romero,camila.romero43@mail.com,Rosario,Silla ergonómica,Muebles,210000,1
1247,2025-02-11,Camila Romero,camila.romero43@mail.com,Rosario,SSD 1TB,Almacenamiento,55250,2
1067,2025-02-13,Camila López,camila.lopez12@mail.com,Córdoba,Cargador rápido,Accesorios,8550,4
1076,2025-02-13,Franco Torres,franco.torres19@mail.com,Buenos Aires,Teclado mecánico,Periféricos,27200,4
1640,2025-02-13,Florencia Romero,florencia.romero48@mail.com,Córdoba,Cargador rápido,Accesorios,9500,1
1504,2025-02-14,Camila Acosta,camila.acosta2@mail.com,Mendoza,Mouse inalámbrico,Periféricos,8500,2
1401,2025-02-15,Lucía Fernández,lucia.fernández10@mail.com,San Juan,Router WiFi,Redes,38000,4
1401,2025-02-15,Lucía Fernández,lucia.fernández10@mail.com,San Juan,Cargador rápido,Accesorios,9500,3
1401,2025-02-15,Lucía Fernández,lucia.fernández10@mail.com,San Juan,SSD 1TB,Almacenamiento,65000,2
1427,2025-02-15,Camila Díaz,camila.diaz38@mail.com,Buenos Aires,Mochila para notebook,Accesorios,21600,2
1442,2025-02-15,Milagros Pérez,milagros.pérez41@mail.com,La Plata,SSD 1TB,Almacenamiento,65000,2
1473,2025-02-15,Nicolás Romero,nicolás.romero28@mail.com,San Juan,Mochila para notebook,Accesorios,21600,1
1473,2025-02-15,Nicolás Romero,nicolás.romero28@mail.com,San Juan,SSD 1TB,Almacenamiento,65000,1
1587,2025-02-15,Juan Martínez,juan.martinez14@mail.com,Córdoba,Webcam HD,Periféricos,18500,4
1587,2025-02-15,Juan Martínez,juan.martinez14@mail.com,Córdoba,SSD 1TB,Almacenamiento,65000,2
1116,2025-02-16,Agustina Sánchez,agustina.sánchez23@mail.com,San Juan,Mouse inalámbrico,Periféricos,7650,1
1116,2025-02-16,Agustina Sánchez,agustina.sánchez23@mail.com,San Juan,Webcam HD,Periféricos,18500,3
1137,2025-02-16,Bruno Gómez,bruno.gomez4@mail.com,Mendoza,Teclado mecánico,Periféricos,32000,4
1158,2025-02-16,Milagros Pérez,milagros.pérez41@mail.com,La Plata,Hub USB-C,Periféricos,10625,4
1158,2025-02-16,Milagros Pérez,milagros.pérez41@mail.com,La Plata,Silla ergonómica,Muebles,189000,1
1158,2025-02-16,Milagros Pérez,milagros.pérez41@mail.com,La Plata,"Notebook 15""",Computadoras,850000,2
1407,2025-02-17,Emilio López,emilio.lopez57@mail.com,Buenos Aires,Hub USB-C,Periféricos,12500,4
1407,2025-02-17,Emilio López,emilio.lopez57@mail.com,Buenos Aires,Cargador rápido,Accesorios,9500,4
1136,2025-02-18,Agustina Acosta,agustina.acosta26@mail.com,San Juan,"Notebook 15""",Computadoras,850000,3
1136,2025-02-18,Agustina Acosta,agustina.acosta26@mail.com,San Juan,SSD 1TB,Almacenamiento,58500,2
1329,2025-02-18,Emilio López,emilio.lopez57@mail.com,Buenos Aires,"Notebook 15""",Computadoras,850000,1
1009,2025-02-19,Rocío Torres,rocio.torres6@mail.com,Mendoza,"Notebook 15""",Computadoras,765000,4
1009,2025-02-19,Rocío Torres,rocio.torres6@mail.com,Mendoza,SSD 1TB,Almacenamiento,65000,1
1009,2025-02-19,Rocío Torres,rocio.torres6@mail.com,Mendoza,Cargador rápido,Accesorios,8550,1
1119,2025-02-19,Santiago López,santiago.lopez7@mail.com,San Juan,Silla ergonómica,Muebles,189000,2
1502,2025-02-19,Sofía López,sofia.lopez5@mail.com,Buenos Aires,Silla ergonómica,Muebles,210000,1
1573,2025-02-19,Nicolás Sánchez,nicolás.sánchez53@mail.com,Mendoza,Cargador rápido,Accesorios,9500,3
1573,2025-02-19,Nicolás Sánchez,nicolás.sánchez53@mail.com,Mendoza,SSD 1TB,Almacenamiento,55250,3
1078,2025-02-20,Micaela Pérez,micaela.pérez47@mail.com,La Plata,Router WiFi,Redes,38000,2
1166,2025-02-21,Mateo Flores,mateo.flores18@mail.com,La Plata,Silla ergonómica,Muebles,178500,3
1166,2025-02-21,Mateo Flores,mateo.flores18@mail.com,La Plata,Cargador rápido,Accesorios,8075,2
1166,2025-02-21,Mateo Flores,mateo.flores18@mail.com,La Plata,Mouse inalámbrico,Periféricos,8500,4
1234,2025-02-21,Santiago Rodríguez,santiago.rodriguez3@mail.com,La Plata,SSD 1TB,Almacenamiento,65000,1
1234,2025-02-21,Santiago Rodríguez,santiago.rodriguez3@mail.com,La Plata,Mochila para notebook,Accesorios,20400,1
1344,2025-02-21,Sofía López,sofia.lopez5@mail.com,Buenos Aires,Teclado mecánico,Periféricos,32000,4
1422,2025-02-21,Valentina Flores,valentina.flores36@mail.com,Rosario,Silla ergonómica,Muebles,210000,4
1422,2025-02-21,Valentina Flores,valentina.flores36@mail.com,Rosario,SSD 1TB,Almacenamiento,58500,4
1456,2025-02-21,Micaela Martínez,micaela.martinez42@mail.com,Buenos Aires,Silla ergonómica,Muebles,189000,2
1456,2025-02-21,Micaela Martínez,micaela.martinez42@mail.com,Buenos Aires,Webcam HD,Periféricos,15725,1
1456,2025-02-21,Micaela Martínez,micaela.martinez42@mail.com,Buenos Aires,Hub USB-C,Periféricos,12500,1
1028,2025-02-22,Micaela Martínez,micaela.martinez42@mail.com,Buenos Aires,Silla ergonómica,Muebles,210000,2
1028,2025-02-22,Micaela Martínez,micaela.martinez42@mail.com,Buenos Aires,"Notebook 15""",Computadoras,850000,2
1172,2025-02-22,Milagros Acosta,milagros.acosta35@mail.com,Córdoba,Silla ergonómica,Muebles,210000,1
1172,2025-02-22,Milagros Acosta,milagros.acosta35@mail.com,Córdoba,Teclado mecánico,Periféricos,28800,3
1172,2025-02-22,Milagros Acosta,milagros.acosta35@mail.com,Córdoba,Webcam HD,Periféricos,16650,2
1182,2025-02-23,Bruno Torres,bruno.torres46@mail.com,Mendoza,Cargador rápido,Accesorios,9500,1
1182,2025-02-23,Bruno Torres,bruno.torres46@mail.com,Mendoza,SSD 1TB,Almacenamiento,65000,3
1182,2025-02-23,Bruno Torres,bruno.torres46@mail.com,Mendoza,"Monitor 24""",Monitores,130500,4
1400,2025-02-23,Juan Martínez,juan.martinez14@mail.com,Córdoba,"Monitor 24""",Monitores,145000,1
1400,2025-02-23,Juan Martínez,juan.martinez14@mail.com,Córdoba,SSD 1TB,Almacenamiento,65000,3
1152,2025-02-24,Agustina Romero,agustina.romero54@mail.com,Buenos Aires,"Notebook 15""",Computadoras,722500,4
1239,2025-02-24,Camila Díaz,camila.diaz38@mail.com,Buenos Aires,Webcam HD,Periféricos,18500,4
1239,2025-02-24,Camila Díaz,camila.diaz38@mail.com,Buenos Aires,Mochila para notebook,Accesorios,24000,4
1457,2025-02-24,Santiago López,santiago.lopez7@mail.com,San Juan,Auriculares Bluetooth,Audio,21000,2
1457,2025-02-24,Santiago López,santiago.lopez7@mail.com,San Juan,Hub USB-C,Periféricos,12500,2
1132,2025-02-25,Sofía Torres,sofia.torres27@mail.com,San Juan,Cargador rápido,Accesorios,9500,1
1132,2025-02-25,Sofía Torres,sofia.torres27@mail.com,San Juan,Mochila para notebook,Accesorios,20400,3
1141,2025-02-25,Agustina Romero,agustina.romero54@mail.com,Buenos Aires,Silla ergonómica,Muebles,210000,1
1141,2025-02-25,Agustina Romero,agustina.romero54@mail.com,Buenos Aires,SSD 1TB,Almacenamiento,58500,2
1373,2025-02-25,Santiago Gómez,santiago.gomez49@mail.com,San Juan,Teclado mecánico,Periféricos,28800,2
1646,2025-02-25,Rocío Rodríguez,rocio.rodriguez55@mail.com,San Juan,Webcam HD,Periféricos,18500,4
1226,2025-02-26,Valentina Flores,valentina.flores36@mail.com,Rosario,Mouse inalámbrico,Periféricos,8500,4
1240,2025-02-27,Camila López,camila.lopez12@mail.com,Córdoba,"Monitor 24""",Monitores,145000,3
1240,2025-02-27,Camila López,camila.lopez12@mail.com,Córdoba,Mochila para notebook,Accesorios,24000,1
1323,2025-02-27,Julieta Gómez,julieta.gomez32@mail.com,Buenos Aires,Teclado mecánico,Periféricos,27200,3
1323,2025-02-27,Julieta Gómez,julieta.gomez32@mail.com,Buenos Aires,Webcam HD,Periféricos,16650,1
1323,2025-02-27,Julieta Gómez,julieta.gomez32@mail.com,Buenos Aires,Silla ergonómica,Muebles,189000,2
1058,2025-02-28,Micaela Martínez,micaela.martinez42@mail.com,Buenos Aires,Auriculares Bluetooth,Audio,21000,3
1058,2025-02-28,Micaela Martínez,micaela.martinez42@mail.com,Buenos Aires,Mochila para notebook,Accesorios,24000,1
1058,2025-02-28,Micaela Martínez,micaela.martinez42@mail.com,Buenos Aires,Webcam HD,Periféricos,18500,3
1093,2025-02-28,Juan Martínez,juan.martinez14@mail.com,Córdoba,Teclado mecánico,Periféricos,28800,2
1093,2025-02-28,Juan Martínez,juan.martinez14@mail.com,Córdoba,Router WiFi,Redes,32300,3
1154,2025-02-28,Julieta Gómez,julieta.gomez32@mail.com,Buenos Aires,Silla ergonómica,Muebles,210000,3
1154,2025-02-28,Julieta Gómez,julieta.gomez32@mail.com,Buenos Aires,Auriculares Bluetooth,Audio,21000,2
1154,2025-02-28,Julieta Gómez,julieta.gomez32@mail.com,Buenos Aires,SSD 1TB,Almacenamiento,65000,2
1309,2025-02-28,Camila Acosta,camila.acosta2@mail.com,Mendoza,SSD 1TB,Almacenamiento,65000,1
1464,2025-02-28,Bruno Martínez,bruno.martinez11@mail.com,Córdoba,"Notebook 15""",Computadoras,765000,3
1464,2025-02-28,Bruno Martínez,bruno.martinez11@mail.com,Córdoba,Mochila para notebook,Accesorios,21600,4
1500,2025-02-28,Franco Fernández,franco.fernández58@mail.com,La Plata,Webcam HD,Periféricos,18500,3
1500,2025-02-28,Franco Fernández,franco.fernández58@mail.com,La Plata,Silla ergonómica,Muebles,178500,3
1360,2025-03-01,Emilio López,emilio.lopez57@mail.com,Buenos Aires,Cargador rápido,Accesorios,9500,1
1413,2025-03-01,Micaela Díaz,micaela.diaz30@mail.com,San Juan,"Notebook 15""",Computadoras,850000,4
1413,2025-03-01,Micaela Díaz,micaela.diaz30@mail.com,San Juan,Mochila para notebook,Accesorios,20400,1
1219,2025-03-02,Micaela Rodríguez,micaela.rodriguez17@mail.com,La Plata,Teclado mecánico,Periféricos,32000,4
1244,2025-03-02,Santiago Rodríguez,santiago.rodriguez3@mail.com,La Plata,Webcam HD,Periféricos,15725,4
1244,2025-03-02,Santiago Rodríguez,santiago.rodriguez3@mail.com,La Plata,"Monitor 24""",Monitores,145000,3
1325,2025-03-02,Rocío Rodríguez,rocio.rodriguez55@mail.com,San Juan,Auriculares Bluetooth,Audio,17850,3
1357,2025-03-02,Bruno Torres,bruno.torres46@mail.com,Mendoza,SSD 1TB,Almacenamiento,65000,4
1506,2025-03-02,Franco Fernández,franco.fernández24@mail.com,Córdoba,Mouse inalámbrico,Periféricos,7225,1
1506,2025-03-02,Franco Fernández,franco.fernández24@mail.com,Córdoba,Router WiFi,Redes,38000,1
1506,2025-03-02,Franco Fernández,franco.fernández24@mail.com,Córdoba,Hub USB-C,Periféricos,10625,3
1538,2025-03-02,Julieta Gómez,julieta.gomez32@mail.com,Buenos Aires,Mochila para notebook,Accesorios,20400,2
1061,2025-03-03,Agustina Flores,agustina.flores51@mail.com,Córdoba,Mouse inalámbrico,Periféricos,8500,4
1061,2025-03-03,Agustina Flores,agustina.flores51@mail.com,Córdoba,SSD 1TB,Almacenamiento,55250,1
1061,2025-03-03,Agustina Flores,agustina.flores51@mail.com,Córdoba,Silla ergonómica,Muebles,210000,3
1199,2025-03-04,Juan Martínez,juan.martinez14@mail.com,Córdoba,"Monitor 24""",Monitores,130500,2
1073,2025-03-06,Camila Flores,camila.flores45@mail.com,Buenos Aires,Mouse inalámbrico,Periféricos,8500,3
1073,2025-03-06,Camila Flores,camila.flores45@mail.com,Buenos Aires,Cargador rápido,Accesorios,9500,4
1330,2025-03-06,Rocío Rodríguez,rocio.rodriguez55@mail.com,San Juan,"Monitor 24""",Monitores,145000,3
1330,2025-03-06,Rocío Rodríguez,rocio.rodriguez55@mail.com,San Juan,Auriculares Bluetooth,Audio,18900,4
1330,2025-03-06,Rocío Rodríguez,rocio.rodriguez55@mail.com,San Juan,Cargador rápido,Accesorios,8075,2
1532,2025-03-07,Camila Acosta,camila.acosta2@mail.com,Mendoza,Hub USB-C,Periféricos,10625,1
1532,2025-03-07,Camila Acosta,camila.acosta2@mail.com,Mendoza,"Monitor 24""",Monitores,145000,2
1532,2025-03-07,Camila Acosta,camila.acosta2@mail.com,Mendoza,Router WiFi,Redes,38000,2
1025,2025-03-08,Tomás Díaz,tomás.diaz21@mail.com,Mendoza,Webcam HD,Periféricos,15725,4
1025,2025-03-08,Tomás Díaz,tomás.diaz21@mail.com,Mendoza,"Monitor 24""",Monitores,145000,1
1025,2025-03-08,Tomás Díaz,tomás.diaz21@mail.com,Mendoza,Mochila para notebook,Accesorios,24000,1
1613,2025-03-08,Nicolás Sánchez,nicolás.sánchez53@mail.com,Mendoza,Mouse inalámbrico,Periféricos,8500,2
1020,2025-03-09,Franco López,franco.lopez25@mail.com,San Juan,Router WiFi,Redes,38000,3
1020,2025-03-09,Franco López,franco.lopez25@mail.com,San Juan,Webcam HD,Periféricos,16650,1
1020,2025-03-09,Franco López,franco.lopez25@mail.com,San Juan,Mochila para notebook,Accesorios,24000,1
1264,2025-03-10,Milagros Acosta,milagros.acosta35@mail.com,Córdoba,Auriculares Bluetooth,Audio,21000,2
1264,2025-03-10,Milagros Acosta,milagros.acosta35@mail.com,Córdoba,Webcam HD,Periféricos,16650,1
1452,2025-03-10,Mateo Flores,mateo.flores56@mail.com,La Plata,Mochila para notebook,Accesorios,24000,2
1452,2025-03-10,Mateo Flores,mateo.flores56@mail.com,La Plata,SSD 1TB,Almacenamiento,65000,4
1480,2025-03-10,Julieta Gómez,julieta.gomez32@mail.com,Buenos Aires,Mouse inalámbrico,Periféricos,7225,1
1480,2025-03-10,Julieta Gómez,julieta.gomez32@mail.com,Buenos Aires,Silla ergonómica,Muebles,178500,4
1592,2025-03-11,Bruno Martínez,bruno.martinez11@mail.com,Córdoba,Teclado mecánico,Periféricos,27200,4
1592,2025-03-11,Bruno Martínez,bruno.martinez11@mail.com,Córdoba,Router WiFi,Redes,38000,4
1112,2025-03-12,Florencia Romero,florencia.romero16@mail.com,Mendoza,Teclado mecánico,Periféricos,28800,3
1112,2025-03-12,Florencia Romero,florencia.romero16@mail.com,Mendoza,Router WiFi,Redes,32300,1
1112,2025-03-12,Florencia Romero,florencia.romero16@mail.com,Mendoza,Mouse inalámbrico,Periféricos,8500,3
1228,2025-03-12,Camila Flores,camila.flores45@mail.com,Buenos Aires,Auriculares Bluetooth,Audio,17850,4
1228,2025-03-12,Camila Flores,camila.flores45@mail.com,Buenos Aires,Silla ergonómica,Muebles,210000,4
1228,2025-03-12,Camila Flores,camila.flores45@mail.com,Buenos Aires,SSD 1TB,Almacenamiento,58500,2
1463,2025-03-12,Juan Gómez,juan.gomez0@mail.com,San Juan,Router WiFi,Redes,34200,3
1463,2025-03-12,Juan Gómez,juan.gomez0@mail.com,San Juan,"Monitor 24""",Monitores,145000,3
1463,2025-03-12,Juan Gómez,juan.gomez0@mail.com,San Juan,SSD 1TB,Almacenamiento,65000,3
1242,2025-03-13,Bruno Martínez,bruno.martinez11@mail.com,Córdoba,SSD 1TB,Almacenamiento,65000,1
1242,2025-03-13,Bruno Martínez,bruno.martinez11@mail.com,Córdoba,Auriculares Bluetooth,Audio,21000,4
1379,2025-03-13,Agustina Flores,agustina.flores51@mail.com,Córdoba,Mouse inalámbrico,Periféricos,8500,1
1439,2025-03-13,Camila Romero,camila.romero43@mail.com,Rosario,Mouse inalámbrico,Periféricos,8500,3
1439,2025-03-13,Camila Romero,camila.romero43@mail.com,Rosario,Router WiFi,Redes,34200,4
1439,2025-03-13,Camila Romero,camila.romero43@mail.com,Rosario,Mochila para notebook,Accesorios,24000,4
1519,2025-03-13,Agustina Romero,agustina.romero54@mail.com,Buenos Aires,Auriculares Bluetooth,Audio,21000,1
1519,2025-03-13,Agustina Romero,agustina.romero54@mail.com,Buenos Aires,Webcam HD,Periféricos,15725,1
1519,2025-03-13,Agustina Romero,agustina.romero54@mail.com,Buenos Aires,Teclado mecánico,Periféricos,27200,4
1115,2025-03-14,Bruno Gómez,bruno.gomez4@mail.com,Mendoza,Router WiFi,Redes,32300,4
1163,2025-03-14,Micaela Martínez,micaela.martinez42@mail.com,Buenos Aires,Webcam HD,Periféricos,18500,4
1163,2025-03-14,Micaela Martínez,micaela.martinez42@mail.com,Buenos Aires,Router WiFi,Redes,38000,1
1143,2025-03-15,Bruno Martínez,bruno.martinez11@mail.com,Córdoba,Router WiFi,Redes,38000,2
1143,2025-03-15,Bruno Martínez,bruno.martinez11@mail.com,Córdoba,"Notebook 15""",Computadoras,722500,1
1143,2025-03-15,Bruno Martínez,bruno.martinez11@mail.com,Córdoba,Teclado mecánico,Periféricos,28800,2
1509,2025-03-15,Mateo Flores,mateo.flores18@mail.com,La Plata,Router WiFi,Redes,38000,3
1509,2025-03-15,Mateo Flores,mateo.flores18@mail.com,La Plata,Cargador rápido,Accesorios,9500,2
1548,2025-03-16,Juan Díaz,juan.diaz52@mail.com,Rosario,Hub USB-C,Periféricos,12500,1
1548,2025-03-16,Juan Díaz,juan.diaz52@mail.com,Rosario,"Notebook 15""",Computadoras,850000,3
1043,2025-03-17,Emilio Díaz,emilio.diaz15@mail.com,Mendoza,Cargador rápido,Accesorios,9500,4
1043,2025-03-17,Emilio Díaz,emilio.diaz15@mail.com,Mendoza,Mouse inalámbrico,Periféricos,7225,2
1043,2025-03-17,Emilio Díaz,emilio.diaz15@mail.com,Mendoza,Teclado mecánico,Periféricos,32000,4
1641,2025-03-17,Tomás Acosta,tomás.acosta39@mail.com,La Plata,Mouse inalámbrico,Periféricos,8500,1
1641,2025-03-17,Tomás Acosta,tomás.acosta39@mail.com,La Plata,SSD 1TB,Almacenamiento,58500,4
1248,2025-03-18,Agustina Rodríguez,agustina.rodriguez34@mail.com,Buenos Aires,SSD 1TB,Almacenamiento,65000,4
1362,2025-03-18,Franco Fernández,franco.fernández24@mail.com,Córdoba,Mouse inalámbrico,Periféricos,8500,4
1099,2025-03-19,Franco Fernández,franco.fernández24@mail.com,Córdoba,Mouse inalámbrico,Periféricos,8500,3
1099,2025-03-19,Franco Fernández,franco.fernández24@mail.com,Córdoba,"Monitor 24""",Monitores,145000,4
1227,2025-03-19,Agustina Acosta,agustina.acosta26@mail.com,San Juan,Cargador rápido,Accesorios,8075,4
1227,2025-03-19,Agustina Acosta,agustina.acosta26@mail.com,San Juan,Auriculares Bluetooth,Audio,21000,4
1275,2025-03-19,Bruno Gómez,bruno.gomez4@mail.com,Mendoza,Auriculares Bluetooth,Audio,21000,4
1445,2025-03-19,Santiago Rodríguez,santiago.rodriguez3@mail.com,La Plata,Auriculares Bluetooth,Audio,18900,3
1049,2025-03-20,Sofía Gómez,sofia.gomez44@mail.com,Mendoza,Auriculares Bluetooth,Audio,21000,4
1049,2025-03-20,Sofía Gómez,sofia.gomez44@mail.com,Mendoza,Teclado mecánico,Periféricos,28800,4
1049,2025-03-20,Sofía Gómez,sofia.gomez44@mail.com,Mendoza,"Notebook 15""",Computadoras,850000,1
1206,2025-03-20,Micaela Flores,micaela.flores37@mail.com,Rosario,Router WiFi,Redes,32300,3
1289,2025-03-20,Camila Flores,camila.flores45@mail.com,Buenos Aires,"Notebook 15""",Computadoras,850000,1
1289,2025-03-20,Camila Flores,camila.flores45@mail.com,Buenos Aires,SSD 1TB,Almacenamiento,65000,1
1289,2025-03-20,Camila Flores,camila.flores45@mail.com,Buenos Aires,Router WiFi,Redes,38000,4
1351,2025-03-20,Santiago Díaz,santiago.diaz40@mail.com,San Juan,Teclado mecánico,Periféricos,27200,1
1351,2025-03-20,Santiago Díaz,santiago.diaz40@mail.com,San Juan,Webcam HD,Periféricos,18500,2
1023,2025-03-21,Micaela Pérez,micaela.pérez47@mail.com,La Plata,Webcam HD,Periféricos,18500,2
1023,2025-03-21,Micaela Pérez,micaela.pérez47@mail.com,La Plata,Hub USB-C,Periféricos,12500,2
1101,2025-03-21,Rocío Rodríguez,rocio.rodriguez55@mail.com,San Juan,Mochila para notebook,Accesorios,24000,3
1583,2025-03-21,Florencia Romero,florencia.romero16@mail.com,Mendoza,Router WiFi,Redes,38000,4
1626,2025-03-21,Tomás Rodríguez,tomás.rodriguez22@mail.com,Rosario,Webcam HD,Periféricos,15725,3
1080,2025-03-22,Bruno Gómez,bruno.gomez4@mail.com,Mendoza,"Notebook 15""",Computadoras,722500,4
1145,2025-03-22,Florencia Torres,florencia.torres9@mail.com,Córdoba,Mouse inalámbrico,Periféricos,7650,3
1145,2025-03-22,Florencia Torres,florencia.torres9@mail.com,Córdoba,Router WiFi,Redes,34200,4
1145,2025-03-22,Florencia Torres,florencia.torres9@mail.com,Córdoba,Teclado mecánico,Periféricos,28800,4
1235,2025-03-22,Rocío Gómez,rocio.gomez59@mail.com,La Plata,Router WiFi,Redes,38000,4
1235,2025-03-22,Rocío Gómez,rocio.gomez59@mail.com,La Plata,Mochila para notebook,Accesorios,24000,3
1336,2025-03-22,Santiago López,santiago.lopez7@mail.com,San Juan,Mochila para notebook,Accesorios,24000,4
1336,2025-03-22,Santiago López,santiago.lopez7@mail.com,San Juan,Mouse inalámbrico,Periféricos,8500,2
1470,2025-03-22,Milagros Pérez,milagros.pérez41@mail.com,La Plata,Mochila para notebook,Accesorios,21600,1
1470,2025-03-22,Milagros Pérez,milagros.pérez41@mail.com,La Plata,Cargador rápido,Accesorios,9500,3
1470,2025-03-22,Milagros Pérez,milagros.pérez41@mail.com,La Plata,"Monitor 24""",Monitores,145000,3
1448,2025-03-23,Florencia Romero,florencia.romero48@mail.com,Córdoba,Teclado mecánico,Periféricos,28800,4
1448,2025-03-23,Florencia Romero,florencia.romero48@mail.com,Córdoba,"Monitor 24""",Monitores,130500,4
1204,2025-03-24,Lucía Fernández,lucia.fernández10@mail.com,San Juan,Cargador rápido,Accesorios,8075,3
1204,2025-03-24,Lucía Fernández,lucia.fernández10@mail.com,San Juan,Auriculares Bluetooth,Audio,21000,3
1053,2025-03-26,Bruno Torres,bruno.torres46@mail.com,Mendoza,"Monitor 24""",Monitores,130500,1
1053,2025-03-26,Bruno Torres,bruno.torres46@mail.com,Mendoza,Hub USB-C,Periféricos,12500,1
1523,2025-03-26,Camila Romero,camila.romero43@mail.com,Rosario,"Monitor 24""",Monitores,123250,2
1523,2025-03-26,Camila Romero,camila.romero43@mail.com,Rosario,Mochila para notebook,Accesorios,21600,2
1523,2025-03-26,Camila Romero,camila.romero43@mail.com,Rosario,Cargador rápido,Accesorios,9500,3
1465,2025-03-27,Milagros Pérez,milagros.pérez41@mail.com,La Plata,"Monitor 24""",Monitores,145000,1
1273,2025-03-28,Tomás Fernández,tomás.fernández29@mail.com,Rosario,SSD 1TB,Almacenamiento,65000,4
1273,2025-03-28,Tomás Fernández,tomás.fernández29@mail.com,Rosario,"Monitor 24""",Monitores,123250,1
1273,2025-03-28,Tomás Fernández,tomás.fernández29@mail.com,Rosario,Router WiFi,Redes,38000,1
1328,2025-03-28,Micaela Rodríguez,micaela.rodriguez17@mail.com,La Plata,Cargador rápido,Accesorios,8075,3
1328,2025-03-28,Micaela Rodríguez,micaela.rodriguez17@mail.com,La Plata,Webcam HD,Periféricos,15725,3
1155,2025-03-30,Camila López,camila.lopez12@mail.com,Córdoba,"Monitor 24""",Monitores,130500,2
1155,2025-03-30,Camila López,camila.lopez12@mail.com,Córdoba,Router WiFi,Redes,32300,4
1155,2025-03-30,Camila López,camila.lopez12@mail.com,Córdoba,Teclado mecánico,Periféricos,27200,4
1349,2025-03-30,Agustina Rodríguez,agustina.rodriguez34@mail.com,Buenos Aires,Teclado mecánico,Periféricos,32000,1
1349,2025-03-30,Agustina Rodríguez,agustina.rodriguez34@mail.com,Buenos Aires,Mouse inalámbrico,Periféricos,8500,3
1398,2025-03-31,Micaela Martínez,micaela.martinez42@mail.com,Buenos Aires,Webcam HD,Periféricos,18500,2
1398,2025-03-31,Micaela Martínez,micaela.martinez42@mail.com,Buenos Aires,Cargador rápido,Accesorios,8075,1
1575,2025-03-31,Valentina Flores,valentina.flores36@mail.com,Rosario,SSD 1TB,Almacenamiento,58500,4
1575,2025-03-31,Valentina Flores,valentina.flores36@mail.com,Rosario,Cargador rápido,Accesorios,8550,1
1394,2025-04-01,Tomás Díaz,tomás.diaz21@mail.com,Mendoza,Mouse inalámbrico,Periféricos,7225,2
1394,2025-04-01,Tomás Díaz,tomás.diaz21@mail.com,Mendoza,Cargador rápido,Accesorios,9500,2
1586,2025-04-01,Sofía Gómez,sofia.gomez44@mail.com,Mendoza,Hub USB-C,Periféricos,10625,4
1586,2025-04-01,Sofía Gómez,sofia.gomez44@mail.com,Mendoza,Mochila para notebook,Accesorios,24000,3
1586,2025-04-01,Sofía Gómez,sofia.gomez44@mail.com,Mendoza,Cargador rápido,Accesorios,8075,4
1254,2025-04-02,Santiago López,santiago.lopez7@mail.com,San Juan,"Notebook 15""",Computadoras,850000,2
1254,2025-04-02,Santiago López,santiago.lopez7@mail.com,San Juan,Silla ergonómica,Muebles,210000,1
1254,2025-04-02,Santiago López,santiago.lopez7@mail.com,San Juan,"Monitor 24""",Monitores,123250,4
1620,2025-04-02,Santiago Díaz,santiago.diaz40@mail.com,San Juan,Cargador rápido,Accesorios,8075,1
1620,2025-04-02,Santiago Díaz,santiago.diaz40@mail.com,San Juan,Silla ergonómica,Muebles,189000,3
1620,2025-04-02,Santiago Díaz,santiago.diaz40@mail.com,San Juan,"Notebook 15""",Computadoras,850000,4
1106,2025-04-03,Camila Romero,camila.romero43@mail.com,Rosario,"Monitor 24""",Monitores,123250,1
1167,2025-04-03,Lucía Fernández,lucia.fernández10@mail.com,San Juan,Hub USB-C,Periféricos,11250,1
1167,2025-04-03,Lucía Fernández,lucia.fernández10@mail.com,San Juan,"Monitor 24""",Monitores,145000,3
1167,2025-04-03,Lucía Fernández,lucia.fernández10@mail.com,San Juan,Mochila para notebook,Accesorios,20400,4
1300,2025-04-03,Camila López,camila.lopez12@mail.com,Córdoba,Silla ergonómica,Muebles,189000,2
1300,2025-04-03,Camila López,camila.lopez12@mail.com,Córdoba,Mouse inalámbrico,Periféricos,8500,3
1300,2025-04-03,Camila López,camila.lopez12@mail.com,Córdoba,Mochila para notebook,Accesorios,21600,4
1441,2025-04-03,Nicolás Sánchez,nicolás.sánchez53@mail.com,Mendoza,Teclado mecánico,Periféricos,32000,2
1441,2025-04-03,Nicolás Sánchez,nicolás.sánchez53@mail.com,Mendoza,Mochila para notebook,Accesorios,24000,2
1533,2025-04-03,Rocío Gómez,rocio.gomez59@mail.com,La Plata,"Notebook 15""",Computadoras,850000,1
1533,2025-04-03,Rocío Gómez,rocio.gomez59@mail.com,La Plata,Hub USB-C,Periféricos,12500,1
1533,2025-04-03,Rocío Gómez,rocio.gomez59@mail.com,La Plata,Router WiFi,Redes,32300,4
1621,2025-04-03,Lucía Fernández,lucia.fernández10@mail.com,San Juan,"Notebook 15""",Computadoras,722500,2
1621,2025-04-03,Lucía Fernández,lucia.fernández10@mail.com,San Juan,Silla ergonómica,Muebles,210000,4
1621,2025-04-03,Lucía Fernández,lucia.fernández10@mail.com,San Juan,SSD 1TB,Almacenamiento,55250,3
1183,2025-04-04,Santiago Díaz,santiago.diaz40@mail.com,San Juan,Teclado mecánico,Periféricos,32000,4
1316,2025-04-04,Santiago López,santiago.lopez7@mail.com,San Juan,Cargador rápido,Accesorios,8550,4
1316,2025-04-04,Santiago López,santiago.lopez7@mail.com,San Juan,"Monitor 24""",Monitores,123250,2
1535,2025-04-04,Florencia Torres,florencia.torres9@mail.com,Córdoba,Router WiFi,Redes,38000,2
1535,2025-04-04,Florencia Torres,florencia.torres9@mail.com,Córdoba,Silla ergonómica,Muebles,178500,4
1535,2025-04-04,Florencia Torres,florencia.torres9@mail.com,Córdoba,Webcam HD,Periféricos,18500,1
1560,2025-04-04,Micaela Rodríguez,micaela.rodriguez17@mail.com,La Plata,Router WiFi,Redes,38000,2
1560,2025-04-04,Micaela Rodríguez,micaela.rodriguez17@mail.com,La Plata,Auriculares Bluetooth,Audio,21000,2
1560,2025-04-04,Micaela Rodríguez,micaela.rodriguez17@mail.com,La Plata,Mochila para notebook,Accesorios,24000,2
1311,2025-04-05,Santiago Díaz,santiago.diaz40@mail.com,San Juan,Router WiFi,Redes,34200,4
1414,2025-04-05,Franco Fernández,franco.fernández24@mail.com,Córdoba,"Notebook 15""",Computadoras,765000,2
1414,2025-04-05,Franco Fernández,franco.fernández24@mail.com,Córdoba,SSD 1TB,Almacenamiento,65000,1
1497,2025-04-05,Juan Martínez,juan.martinez14@mail.com,Córdoba,Teclado mecánico,Periféricos,27200,4
1497,2025-04-05,Juan Martínez,juan.martinez14@mail.com,Córdoba,Silla ergonómica,Muebles,210000,4
1497,2025-04-05,Juan Martínez,juan.martinez14@mail.com,Córdoba,"Monitor 24""",Monitores,145000,3
1187,2025-04-06,Tomás Díaz,tomás.diaz21@mail.com,Mendoza,Cargador rápido,Accesorios,8075,3
1187,2025-04-06,Tomás Díaz,tomás.diaz21@mail.com,Mendoza,Mochila para notebook,Accesorios,24000,3
1530,2025-04-06,Florencia Torres,florencia.torres9@mail.com,Córdoba,SSD 1TB,Almacenamiento,65000,1
1609,2025-04-06,Valentina Flores,valentina.flores36@mail.com,Rosario,SSD 1TB,Almacenamiento,55250,3
1609,2025-04-06,Valentina Flores,valentina.flores36@mail.com,Rosario,Cargador rápido,Accesorios,9500,2
1609,2025-04-06,Valentina Flores,valentina.flores36@mail.com,Rosario,Mochila para notebook,Accesorios,21600,2
1409,2025-04-08,Juan Rodríguez,juan.rodriguez13@mail.com,Rosario,Cargador rápido,Accesorios,9500,3
1409,2025-04-08,Juan Rodríguez,juan.rodriguez13@mail.com,Rosario,Silla ergonómica,Muebles,210000,3
1440,2025-04-08,Micaela Flores,micaela.flores37@mail.com,Rosario,Cargador rápido,Accesorios,9500,4
1440,2025-04-08,Micaela Flores,micaela.flores37@mail.com,Rosario,Auriculares Bluetooth,Audio,21000,3
1479,2025-04-08,Tomás Fernández,tomás.fernández29@mail.com,Rosario,SSD 1TB,Almacenamiento,55250,1
1479,2025-04-08,Tomás Fernández,tomás.fernández29@mail.com,Rosario,Teclado mecánico,Periféricos,28800,1
1479,2025-04-08,Tomás Fernández,tomás.fernández29@mail.com,Rosario,"Notebook 15""",Computadoras,722500,4
1619,2025-04-08,Franco Fernández,franco.fernández24@mail.com,Córdoba,Silla ergonómica,Muebles,178500,2
1071,2025-04-09,Santiago López,santiago.lopez7@mail.com,San Juan,Teclado mecánico,Periféricos,32000,2
1071,2025-04-09,Santiago López,santiago.lopez7@mail.com,San Juan,Silla ergonómica,Muebles,189000,2
1614,2025-04-09,Santiago López,santiago.lopez31@mail.com,San Juan,Mouse inalámbrico,Periféricos,7650,4
1515,2025-04-10,Bruno Gómez,bruno.gomez4@mail.com,Mendoza,Mochila para notebook,Accesorios,20400,3
1515,2025-04-10,Bruno Gómez,bruno.gomez4@mail.com,Mendoza,Cargador rápido,Accesorios,8075,3
1205,2025-04-11,Florencia Romero,florencia.romero16@mail.com,Mendoza,Silla ergonómica,Muebles,178500,3
1205,2025-04-11,Florencia Romero,florencia.romero16@mail.com,Mendoza,Webcam HD,Periféricos,15725,1
1205,2025-04-11,Florencia Romero,florencia.romero16@mail.com,Mendoza,"Monitor 24""",Monitores,123250,2
1367,2025-04-11,Santiago López,santiago.lopez31@mail.com,San Juan,Silla ergonómica,Muebles,189000,1
1367,2025-04-11,Santiago López,santiago.lopez31@mail.com,San Juan,Auriculares Bluetooth,Audio,21000,1
1367,2025-04-11,Santiago López,santiago.lopez31@mail.com,San Juan,"Monitor 24""",Monitores,145000,3
1478,2025-04-11,Florencia Romero,florencia.romero16@mail.com,Mendoza,Teclado mecánico,Periféricos,32000,4
1041,2025-04-12,Juan Martínez,juan.martinez14@mail.com,Córdoba,Mouse inalámbrico,Periféricos,8500,1
1083,2025-04-12,Juan Flores,juan.flores50@mail.com,La Plata,Teclado mecánico,Periféricos,32000,2
1083,2025-04-12,Juan Flores,juan.flores50@mail.com,La Plata,Silla ergonómica,Muebles,210000,3
1312,2025-04-12,Agustina López,agustina.lopez1@mail.com,Buenos Aires,Hub USB-C,Periféricos,12500,4
1312,2025-04-12,Agustina López,agustina.lopez1@mail.com,Buenos Aires,"Notebook 15""",Computadoras,850000,2
1380,2025-04-12,Santiago Pérez,santiago.pérez8@mail.com,Buenos Aires,SSD 1TB,Almacenamiento,55250,1
1380,2025-04-12,Santiago Pérez,santiago.pérez8@mail.com,Buenos Aires,Router WiFi,Redes,38000,3
1635,2025-04-12,Milagros Acosta,milagros.acosta35@mail.com,Córdoba,"Notebook 15""",Computadoras,722500,2
1635,2025-04-12,Milagros Acosta,milagros.acosta35@mail.com,Córdoba,Router WiFi,Redes,38000,2
1298,2025-04-13,Sofía Gómez,sofia.gomez20@mail.com,San Juan,SSD 1TB,Almacenamiento,65000,4
1298,2025-04-13,Sofía Gómez,sofia.gomez20@mail.com,San Juan,"Monitor 24""",Monitores,130500,3
1366,2025-04-13,Agustina Sánchez,agustina.sánchez23@mail.com,San Juan,Hub USB-C,Periféricos,11250,2
1366,2025-04-13,Agustina Sánchez,agustina.sánchez23@mail.com,San Juan,Webcam HD,Periféricos,15725,3
1645,2025-04-13,Mateo Flores,mateo.flores18@mail.com,La Plata,Hub USB-C,Periféricos,12500,4
1645,2025-04-13,Mateo Flores,mateo.flores18@mail.com,La Plata,Webcam HD,Periféricos,16650,1
1645,2025-04-13,Mateo Flores,mateo.flores18@mail.com,La Plata,Mouse inalámbrico,Periféricos,8500,3
1184,2025-04-14,Mateo Flores,mateo.flores18@mail.com,La Plata,Auriculares Bluetooth,Audio,21000,1
1550,2025-04-14,Juan Gómez,juan.gomez0@mail.com,San Juan,Silla ergonómica,Muebles,178500,1
1550,2025-04-14,Juan Gómez,juan.gomez0@mail.com,San Juan,Webcam HD,Periféricos,15725,2
1550,2025-04-14,Juan Gómez,juan.gomez0@mail.com,San Juan,Auriculares Bluetooth,Audio,21000,2
1249,2025-04-16,Camila Romero,camila.romero43@mail.com,Rosario,Hub USB-C,Periféricos,12500,4
1249,2025-04-16,Camila Romero,camila.romero43@mail.com,Rosario,Mochila para notebook,Accesorios,24000,4
1249,2025-04-16,Camila Romero,camila.romero43@mail.com,Rosario,Teclado mecánico,Periféricos,28800,4
1308,2025-04-16,Tomás Fernández,tomás.fernández29@mail.com,Rosario,Mochila para notebook,Accesorios,21600,1
1308,2025-04-16,Tomás Fernández,tomás.fernández29@mail.com,Rosario,SSD 1TB,Almacenamiento,65000,4
1308,2025-04-16,Tomás Fernández,tomás.fernández29@mail.com,Rosario,Cargador rápido,Accesorios,9500,1
1327,2025-04-16,Juan Díaz,juan.diaz52@mail.com,Rosario,Hub USB-C,Periféricos,10625,3
1600,2025-04-17,Micaela Martínez,micaela.martinez42@mail.com,Buenos Aires,"Notebook 15""",Computadoras,850000,3
1600,2025-04-17,Micaela Martínez,micaela.martinez42@mail.com,Buenos Aires,Router WiFi,Redes,38000,2
1039,2025-04-18,Mateo Flores,mateo.flores18@mail.com,La Plata,Hub USB-C,Periféricos,11250,3
1039,2025-04-18,Mateo Flores,mateo.flores18@mail.com,La Plata,Cargador rápido,Accesorios,8550,4
1565,2025-04-18,Camila Romero,camila.romero43@mail.com,Rosario,Hub USB-C,Periféricos,12500,3
1565,2025-04-18,Camila Romero,camila.romero43@mail.com,Rosario,Teclado mecánico,Periféricos,32000,3
1021,2025-04-20,Agustina Rodríguez,agustina.rodriguez34@mail.com,Buenos Aires,Webcam HD,Periféricos,18500,1
1021,2025-04-20,Agustina Rodríguez,agustina.rodriguez34@mail.com,Buenos Aires,"Monitor 24""",Monitores,145000,3
1021,2025-04-20,Agustina Rodríguez,agustina.rodriguez34@mail.com,Buenos Aires,SSD 1TB,Almacenamiento,58500,2
1040,2025-04-20,Camila Romero,camila.romero43@mail.com,Rosario,Mochila para notebook,Accesorios,20400,3
1040,2025-04-20,Camila Romero,camila.romero43@mail.com,Rosario,"Monitor 24""",Monitores,145000,3
1040,2025-04-20,Camila Romero,camila.romero43@mail.com,Rosario,Teclado mecánico,Periféricos,32000,2
1165,2025-04-20,Bruno Martínez,bruno.martinez11@mail.com,Córdoba,Mochila para notebook,Accesorios,24000,2
1165,2025-04-20,Bruno Martínez,bruno.martinez11@mail.com,Córdoba,Auriculares Bluetooth,Audio,21000,2
1339,2025-04-20,Juan Gómez,juan.gomez0@mail.com,San Juan,Teclado mecánico,Periféricos,27200,2
1339,2025-04-20,Juan Gómez,juan.gomez0@mail.com,San Juan,"Monitor 24""",Monitores,145000,4
1498,2025-04-20,Mateo Flores,mateo.flores56@mail.com,La Plata,SSD 1TB,Almacenamiento,65000,3
1498,2025-04-20,Mateo Flores,mateo.flores56@mail.com,La Plata,Cargador rápido,Accesorios,8075,4
1498,2025-04-20,Mateo Flores,mateo.flores56@mail.com,La Plata,Router WiFi,Redes,38000,1
1503,2025-04-20,Juan Rodríguez,juan.rodriguez13@mail.com,Rosario,"Notebook 15""",Computadoras,850000,4
1503,2025-04-20,Juan Rodríguez,juan.rodriguez13@mail.com,Rosario,Teclado mecánico,Periféricos,32000,2
1503,2025-04-20,Juan Rodríguez,juan.rodriguez13@mail.com,Rosario,Auriculares Bluetooth,Audio,21000,4
1623,2025-04-20,Agustina Rodríguez,agustina.rodriguez34@mail.com,Buenos Aires,Silla ergonómica,Muebles,189000,3
1623,2025-04-20,Agustina Rodríguez,agustina.rodriguez34@mail.com,Buenos Aires,Webcam HD,Periféricos,16650,4
1625,2025-04-20,Juan Martínez,juan.martinez14@mail.com,Córdoba,Mouse inalámbrico,Periféricos,8500,2
1625,2025-04-20,Juan Martínez,juan.martinez14@mail.com,Córdoba,Webcam HD,Periféricos,16650,1
1135,2025-04-21,Bruno Torres,bruno.torres46@mail.com,Mendoza,Mochila para notebook,Accesorios,24000,4
1135,2025-04-21,Bruno Torres,bruno.torres46@mail.com,Mendoza,Auriculares Bluetooth,Audio,18900,4
1146,2025-04-21,Micaela Rodríguez,micaela.rodriguez17@mail.com,La Plata,Teclado mecánico,Periféricos,32000,1
1146,2025-04-21,Micaela Rodríguez,micaela.rodriguez17@mail.com,La Plata,SSD 1TB,Almacenamiento,55250,4
1146,2025-04-21,Micaela Rodríguez,micaela.rodriguez17@mail.com,La Plata,"Notebook 15""",Computadoras,850000,3
1508,2025-04-23,Lucía Fernández,lucia.fernández10@mail.com,San Juan,Cargador rápido,Accesorios,8075,4
1173,2025-04-24,Sofía López,sofia.lopez5@mail.com,Buenos Aires,SSD 1TB,Almacenamiento,65000,4
1173,2025-04-24,Sofía López,sofia.lopez5@mail.com,Buenos Aires,Mouse inalámbrico,Periféricos,7225,4
1271,2025-04-24,Camila Acosta,camila.acosta2@mail.com,Mendoza,"Monitor 24""",Monitores,145000,4
1271,2025-04-24,Camila Acosta,camila.acosta2@mail.com,Mendoza,Mouse inalámbrico,Periféricos,8500,2
1271,2025-04-24,Camila Acosta,camila.acosta2@mail.com,Mendoza,Webcam HD,Periféricos,18500,3
1453,2025-04-25,Juan Martínez,juan.martinez14@mail.com,Córdoba,"Monitor 24""",Monitores,145000,2
1453,2025-04-25,Juan Martínez,juan.martinez14@mail.com,Córdoba,Auriculares Bluetooth,Audio,21000,3
1453,2025-04-25,Juan Martínez,juan.martinez14@mail.com,Córdoba,Mouse inalámbrico,Periféricos,8500,4
1077,2025-04-26,Camila Díaz,camila.diaz38@mail.com,Buenos Aires,"Notebook 15""",Computadoras,722500,3
1077,2025-04-26,Camila Díaz,camila.diaz38@mail.com,Buenos Aires,Mochila para notebook,Accesorios,24000,4
1077,2025-04-26,Camila Díaz,camila.diaz38@mail.com,Buenos Aires,Router WiFi,Redes,32300,1
1263,2025-04-26,Agustina Romero,agustina.romero54@mail.com,Buenos Aires,Cargador rápido,Accesorios,9500,4
1263,2025-04-26,Agustina Romero,agustina.romero54@mail.com,Buenos Aires,"Monitor 24""",Monitores,130500,4
1433,2025-04-26,Milagros Pérez,milagros.pérez41@mail.com,La Plata,Auriculares Bluetooth,Audio,21000,1
1433,2025-04-26,Milagros Pérez,milagros.pérez41@mail.com,La Plata,Webcam HD,Periféricos,18500,4
1433,2025-04-26,Milagros Pérez,milagros.pérez41@mail.com,La Plata,"Notebook 15""",Computadoras,722500,2
1006,2025-04-28,Micaela Flores,micaela.flores37@mail.com,Rosario,Auriculares Bluetooth,Audio,21000,1
1006,2025-04-28,Micaela Flores,micaela.flores37@mail.com,Rosario,Mouse inalámbrico,Periféricos,8500,1
1006,2025-04-28,Micaela Flores,micaela.flores37@mail.com,Rosario,Teclado mecánico,Periféricos,32000,3
1149,2025-04-28,Camila Flores,camila.flores45@mail.com,Buenos Aires,Silla ergonómica,Muebles,189000,1
1149,2025-04-28,Camila Flores,camila.flores45@mail.com,Buenos Aires,Router WiFi,Redes,34200,1
1149,2025-04-28,Camila Flores,camila.flores45@mail.com,Buenos Aires,SSD 1TB,Almacenamiento,58500,1
1341,2025-04-28,Bruno Gómez,bruno.gomez4@mail.com,Mendoza,Teclado mecánico,Periféricos,32000,1
1341,2025-04-28,Bruno Gómez,bruno.gomez4@mail.com,Mendoza,Cargador rápido,Accesorios,9500,3
1529,2025-04-28,Lucía Fernández,lucia.fernández10@mail.com,San Juan,Silla ergonómica,Muebles,210000,3
1546,2025-04-28,Micaela Pérez,micaela.pérez47@mail.com,La Plata,Cargador rápido,Accesorios,9500,1
1546,2025-04-28,Micaela Pérez,micaela.pérez47@mail.com,La Plata,"Monitor 24""",Monitores,145000,4
1569,2025-04-28,Camila Romero,camila.romero43@mail.com,Rosario,Cargador rápido,Accesorios,9500,3
1126,2025-04-30,Juan Rodríguez,juan.rodriguez13@mail.com,Rosario,"Monitor 24""",Monitores,145000,1
1126,2025-04-30,Juan Rodríguez,juan.rodriguez13@mail.com,Rosario,Hub USB-C,Periféricos,12500,2
1259,2025-04-30,Mateo Flores,mateo.flores18@mail.com,La Plata,Hub USB-C,Periféricos,12500,3
1259,2025-04-30,Mateo Flores,mateo.flores18@mail.com,La Plata,SSD 1TB,Almacenamiento,65000,3
1259,2025-04-30,Mateo Flores,mateo.flores18@mail.com,La Plata,Cargador rápido,Accesorios,8550,2
1393,2025-04-30,Santiago Rodríguez,santiago.rodriguez3@mail.com,La Plata,Auriculares Bluetooth,Audio,21000,4
1393,2025-04-30,Santiago Rodríguez,santiago.rodriguez3@mail.com,La Plata,Mouse inalámbrico,Periféricos,7225,3
1393,2025-04-30,Santiago Rodríguez,santiago.rodriguez3@mail.com,La Plata,Silla ergonómica,Muebles,210000,2
1541,2025-04-30,Micaela Díaz,micaela.diaz30@mail.com,San Juan,Webcam HD,Periféricos,18500,4
1627,2025-04-30,Emilio Díaz,emilio.diaz15@mail.com,Mendoza,Webcam HD,Periféricos,15725,4
1627,2025-04-30,Emilio Díaz,emilio.diaz15@mail.com,Mendoza,Teclado mecánico,Periféricos,32000,2
1639,2025-04-30,Camila Acosta,camila.acosta2@mail.com,Mendoza,Router WiFi,Redes,38000,3
1018,2025-05-01,Bruno Gómez,bruno.gomez4@mail.com,Mendoza,Teclado mecánico,Periféricos,27200,2
1018,2025-05-01,Bruno Gómez,bruno.gomez4@mail.com,Mendoza,Hub USB-C,Periféricos,10625,1
1103,2025-05-01,Bruno Gómez,bruno.gomez4@mail.com,Mendoza,Router WiFi,Redes,34200,1
1103,2025-05-01,Bruno Gómez,bruno.gomez4@mail.com,Mendoza,Webcam HD,Periféricos,18500,1
1103,2025-05-01,Bruno Gómez,bruno.gomez4@mail.com,Mendoza,Auriculares Bluetooth,Audio,21000,4
1174,2025-05-01,Agustina Sánchez,agustina.sánchez23@mail.com,San Juan,Teclado mecánico,Periféricos,32000,2
1174,2025-05-01,Agustina Sánchez,agustina.sánchez23@mail.com,San Juan,SSD 1TB,Almacenamiento,65000,3
1417,2025-05-01,Mateo Flores,mateo.flores56@mail.com,La Plata,Webcam HD,Periféricos,18500,4
1417,2025-05-01,Mateo Flores,mateo.flores56@mail.com,La Plata,Teclado mecánico,Periféricos,32000,2
1472,2025-05-01,Juan Díaz,juan.diaz52@mail.com,Rosario,Mochila para notebook,Accesorios,20400,4
1007,2025-05-02,Julieta Gómez,julieta.gomez32@mail.com,Buenos Aires,Router WiFi,Redes,32300,2
1007,2025-05-02,Julieta Gómez,julieta.gomez32@mail.com,Buenos Aires,Mochila para notebook,Accesorios,20400,2
1233,2025-05-03,Rocío Torres,rocio.torres6@mail.com,Mendoza,Mouse inalámbrico,Periféricos,8500,2
1347,2025-05-03,Juan Flores,juan.flores50@mail.com,La Plata,"Notebook 15""",Computadoras,765000,2
1347,2025-05-03,Juan Flores,juan.flores50@mail.com,La Plata,Teclado mecánico,Periféricos,27200,1
1551,2025-05-03,Agustina Sánchez,agustina.sánchez23@mail.com,San Juan,Mouse inalámbrico,Periféricos,7650,3
1551,2025-05-03,Agustina Sánchez,agustina.sánchez23@mail.com,San Juan,"Monitor 24""",Monitores,130500,3
1551,2025-05-03,Agustina Sánchez,agustina.sánchez23@mail.com,San Juan,Teclado mecánico,Periféricos,27200,4
1068,2025-05-04,Milagros Acosta,milagros.acosta35@mail.com,Córdoba,Mochila para notebook,Accesorios,24000,4
1068,2025-05-04,Milagros Acosta,milagros.acosta35@mail.com,Córdoba,Router WiFi,Redes,38000,1
1068,2025-05-04,Milagros Acosta,milagros.acosta35@mail.com,Córdoba,Cargador rápido,Accesorios,8550,2
1180,2025-05-04,Tomás Rodríguez,tomás.rodriguez22@mail.com,Rosario,"Notebook 15""",Computadoras,850000,3
1180,2025-05-04,Tomás Rodríguez,tomás.rodriguez22@mail.com,Rosario,"Monitor 24""",Monitores,130500,1
1180,2025-05-04,Tomás Rodríguez,tomás.rodriguez22@mail.com,Rosario,Teclado mecánico,Periféricos,32000,4
1060,2025-05-05,Micaela Flores,micaela.flores37@mail.com,Rosario,Cargador rápido,Accesorios,8075,3
1069,2025-05-05,Sofía Gómez,sofia.gomez44@mail.com,Mendoza,Router WiFi,Redes,34200,3
1069,2025-05-05,Sofía Gómez,sofia.gomez44@mail.com,Mendoza,Hub USB-C,Periféricos,11250,3
1268,2025-05-05,Franco Fernández,franco.fernández58@mail.com,La Plata,Hub USB-C,Periféricos,10625,2
1268,2025-05-05,Franco Fernández,franco.fernández58@mail.com,La Plata,Auriculares Bluetooth,Audio,21000,3
1268,2025-05-05,Franco Fernández,franco.fernández58@mail.com,La Plata,"Notebook 15""",Computadoras,765000,4
1279,2025-05-05,Tomás Fernández,tomás.fernández29@mail.com,Rosario,Auriculares Bluetooth,Audio,21000,1
1279,2025-05-05,Tomás Fernández,tomás.fernández29@mail.com,Rosario,Webcam HD,Periféricos,16650,4
1279,2025-05-05,Tomás Fernández,tomás.fernández29@mail.com,Rosario,Teclado mecánico,Periféricos,27200,4
1293,2025-05-05,Emilio López,emilio.lopez57@mail.com,Buenos Aires,Silla ergonómica,Muebles,210000,2
1293,2025-05-05,Emilio López,emilio.lopez57@mail.com,Buenos Aires,"Monitor 24""",Monitores,145000,3
1293,2025-05-05,Emilio López,emilio.lopez57@mail.com,Buenos Aires,"Notebook 15""",Computadoras,765000,3
1299,2025-05-05,Valentina Flores,valentina.flores36@mail.com,Rosario,"Notebook 15""",Computadoras,850000,4
1299,2025-05-05,Valentina Flores,valentina.flores36@mail.com,Rosario,Webcam HD,Periféricos,15725,1
1310,2025-05-05,Rocío Gómez,rocio.gomez59@mail.com,La Plata,"Monitor 24""",Monitores,123250,3
1310,2025-05-05,Rocío Gómez,rocio.gomez59@mail.com,La Plata,Silla ergonómica,Muebles,189000,4
1310,2025-05-05,Rocío Gómez,rocio.gomez59@mail.com,La Plata,Cargador rápido,Accesorios,8550,2
1604,2025-05-05,Juan Flores,juan.flores50@mail.com,La Plata,Mouse inalámbrico,Periféricos,7225,4
1064,2025-05-06,Agustina Romero,agustina.romero54@mail.com,Buenos Aires,Webcam HD,Periféricos,18500,4
1272,2025-05-06,Franco Fernández,franco.fernández24@mail.com,Córdoba,Silla ergonómica,Muebles,210000,3
1272,2025-05-06,Franco Fernández,franco.fernández24@mail.com,Córdoba,Router WiFi,Redes,34200,4
1353,2025-05-06,Santiago Rodríguez,santiago.rodriguez3@mail.com,La Plata,"Notebook 15""",Computadoras,765000,1
1324,2025-05-07,Rocío Torres,rocio.torres6@mail.com,Mendoza,Mouse inalámbrico,Periféricos,8500,3
1324,2025-05-07,Rocío Torres,rocio.torres6@mail.com,Mendoza,Mochila para notebook,Accesorios,21600,1
1390,2025-05-07,Rocío Torres,rocio.torres6@mail.com,Mendoza,Auriculares Bluetooth,Audio,21000,1
1390,2025-05-07,Rocío Torres,rocio.torres6@mail.com,Mendoza,Webcam HD,Periféricos,18500,4
1390,2025-05-07,Rocío Torres,rocio.torres6@mail.com,Mendoza,Silla ergonómica,Muebles,210000,2
1584,2025-05-07,Juan Martínez,juan.martinez14@mail.com,Córdoba,Webcam HD,Periféricos,15725,2
1584,2025-05-07,Juan Martínez,juan.martinez14@mail.com,Córdoba,Mochila para notebook,Accesorios,24000,2
1584,2025-05-07,Juan Martínez,juan.martinez14@mail.com,Córdoba,"Monitor 24""",Monitores,145000,1
1012,2025-05-08,Tomás Fernández,tomás.fernández29@mail.com,Rosario,Mochila para notebook,Accesorios,24000,1
1030,2025-05-08,Agustina Flores,agustina.flores51@mail.com,Córdoba,"Monitor 24""",Monitores,145000,4
1030,2025-05-08,Agustina Flores,agustina.flores51@mail.com,Córdoba,Teclado mecánico,Periféricos,32000,4
1044,2025-05-08,Milagros Acosta,milagros.acosta35@mail.com,Córdoba,Mochila para notebook,Accesorios,21600,2
1363,2025-05-08,Sofía Gómez,sofia.gomez20@mail.com,San Juan,Cargador rápido,Accesorios,9500,3
1363,2025-05-08,Sofía Gómez,sofia.gomez20@mail.com,San Juan,SSD 1TB,Almacenamiento,65000,3
1377,2025-05-08,Camila Flores,camila.flores45@mail.com,Buenos Aires,"Notebook 15""",Computadoras,850000,1
1377,2025-05-08,Camila Flores,camila.flores45@mail.com,Buenos Aires,Silla ergonómica,Muebles,210000,3
1561,2025-05-08,Camila López,camila.lopez12@mail.com,Córdoba,SSD 1TB,Almacenamiento,65000,1
1561,2025-05-08,Camila López,camila.lopez12@mail.com,Córdoba,"Monitor 24""",Monitores,123250,4
1561,2025-05-08,Camila López,camila.lopez12@mail.com,Córdoba,Teclado mecánico,Periféricos,27200,1
1127,2025-05-09,Agustina Rodríguez,agustina.rodriguez34@mail.com,Buenos Aires,Teclado mecánico,Periféricos,32000,1
1171,2025-05-09,Santiago Pérez,santiago.pérez8@mail.com,Buenos Aires,Router WiFi,Redes,38000,4
1488,2025-05-09,Camila Romero,camila.romero43@mail.com,Rosario,Mouse inalámbrico,Periféricos,8500,3
1491,2025-05-09,Micaela Pérez,micaela.pérez47@mail.com,La Plata,Hub USB-C,Periféricos,12500,4
1556,2025-05-09,Juan Díaz,juan.diaz52@mail.com,Rosario,Mochila para notebook,Accesorios,24000,4
1556,2025-05-09,Juan Díaz,juan.diaz52@mail.com,Rosario,"Notebook 15""",Computadoras,765000,3
1556,2025-05-09,Juan Díaz,juan.diaz52@mail.com,Rosario,Hub USB-C,Periféricos,10625,4
1572,2025-05-09,Franco Torres,franco.torres19@mail.com,Buenos Aires,Hub USB-C,Periféricos,12500,1
1572,2025-05-09,Franco Torres,franco.torres19@mail.com,Buenos Aires,Mouse inalámbrico,Periféricos,8500,1
1572,2025-05-09,Franco Torres,franco.torres19@mail.com,Buenos Aires,"Notebook 15""",Computadoras,765000,3
1598,2025-05-09,Camila López,camila.lopez12@mail.com,Córdoba,Mouse inalámbrico,Periféricos,7650,2
1598,2025-05-09,Camila López,camila.lopez12@mail.com,Córdoba,Teclado mecánico,Periféricos,32000,4
1455,2025-05-10,Santiago López,santiago.lopez7@mail.com,San Juan,Cargador rápido,Accesorios,9500,2
1455,2025-05-10,Santiago López,santiago.lopez7@mail.com,San Juan,"Monitor 24""",Monitores,130500,3
1512,2025-05-10,Tomás Acosta,tomás.acosta39@mail.com,La Plata,Teclado mecánico,Periféricos,27200,2
1402,2025-05-12,Tomás Rodríguez,tomás.rodriguez22@mail.com,Rosario,Cargador rápido,Accesorios,9500,1
1461,2025-05-12,Emilio López,emilio.lopez57@mail.com,Buenos Aires,Auriculares Bluetooth,Audio,18900,3
1461,2025-05-12,Emilio López,emilio.lopez57@mail.com,Buenos Aires,Mochila para notebook,Accesorios,24000,1
1461,2025-05-12,Emilio López,emilio.lopez57@mail.com,Buenos Aires,Webcam HD,Periféricos,18500,2
1574,2025-05-12,Milagros Acosta,milagros.acosta35@mail.com,Córdoba,Mouse inalámbrico,Periféricos,8500,1
1574,2025-05-12,Milagros Acosta,milagros.acosta35@mail.com,Córdoba,"Notebook 15""",Computadoras,722500,2
1615,2025-05-12,Martín Martínez,martin.martinez33@mail.com,Rosario,SSD 1TB,Almacenamiento,55250,2
1650,2025-05-12,Santiago Díaz,santiago.diaz40@mail.com,San Juan,Mouse inalámbrico,Periféricos,8500,3
1650,2025-05-12,Santiago Díaz,santiago.diaz40@mail.com,San Juan,Silla ergonómica,Muebles,210000,2
1356,2025-05-13,Martín Martínez,martin.martinez33@mail.com,Rosario,SSD 1TB,Almacenamiento,65000,2
1405,2025-05-14,Sofía Gómez,sofia.gomez20@mail.com,San Juan,Teclado mecánico,Periféricos,32000,3
1468,2025-05-14,Bruno Gómez,bruno.gomez4@mail.com,Mendoza,SSD 1TB,Almacenamiento,65000,2
1468,2025-05-14,Bruno Gómez,bruno.gomez4@mail.com,Mendoza,Mouse inalámbrico,Periféricos,7650,1
1468,2025-05-14,Bruno Gómez,bruno.gomez4@mail.com,Mendoza,Silla ergonómica,Muebles,189000,2
1544,2025-05-14,Florencia Romero,florencia.romero16@mail.com,Mendoza,"Notebook 15""",Computadoras,765000,3
1544,2025-05-14,Florencia Romero,florencia.romero16@mail.com,Mendoza,Hub USB-C,Periféricos,11250,2
1544,2025-05-14,Florencia Romero,florencia.romero16@mail.com,Mendoza,SSD 1TB,Almacenamiento,65000,4
1566,2025-05-15,Milagros Acosta,milagros.acosta35@mail.com,Córdoba,Webcam HD,Periféricos,15725,4
1610,2025-05-15,Mateo Flores,mateo.flores18@mail.com,La Plata,SSD 1TB,Almacenamiento,65000,4
1610,2025-05-15,Mateo Flores,mateo.flores18@mail.com,La Plata,Mochila para notebook,Accesorios,20400,1
1610,2025-05-15,Mateo Flores,mateo.flores18@mail.com,La Plata,Mouse inalámbrico,Periféricos,7225,3
1034,2025-05-16,Micaela Flores,micaela.flores37@mail.com,Rosario,Teclado mecánico,Periféricos,32000,4
1129,2025-05-16,Bruno Martínez,bruno.martinez11@mail.com,Córdoba,"Monitor 24""",Monitores,123250,4
1375,2025-05-16,Tomás Fernández,tomás.fernández29@mail.com,Rosario,Teclado mecánico,Periféricos,32000,2
1494,2025-05-16,Micaela Rodríguez,micaela.rodriguez17@mail.com,La Plata,"Monitor 24""",Monitores,145000,3
1211,2025-05-17,Santiago López,santiago.lopez7@mail.com,San Juan,Auriculares Bluetooth,Audio,21000,1
1211,2025-05-17,Santiago López,santiago.lopez7@mail.com,San Juan,"Monitor 24""",Monitores,130500,3
1243,2025-05-17,Nicolás Romero,nicolás.romero28@mail.com,San Juan,Webcam HD,Periféricos,18500,1
1243,2025-05-17,Nicolás Romero,nicolás.romero28@mail.com,San Juan,Hub USB-C,Periféricos,12500,3
1636,2025-05-17,Bruno Gómez,bruno.gomez4@mail.com,Mendoza,SSD 1TB,Almacenamiento,65000,1
1636,2025-05-17,Bruno Gómez,bruno.gomez4@mail.com,Mendoza,Router WiFi,Redes,34200,4
1331,2025-05-18,Santiago Díaz,santiago.diaz40@mail.com,San Juan,"Notebook 15""",Computadoras,850000,1
1331,2025-05-18,Santiago Díaz,santiago.diaz40@mail.com,San Juan,Cargador rápido,Accesorios,8075,4
1331,2025-05-18,Santiago Díaz,santiago.diaz40@mail.com,San Juan,Mochila para notebook,Accesorios,24000,3
1290,2025-05-19,Florencia Romero,florencia.romero48@mail.com,Córdoba,"Monitor 24""",Monitores,145000,1
1094,2025-05-20,Camila Flores,camila.flores45@mail.com,Buenos Aires,Mochila para notebook,Accesorios,21600,2
1094,2025-05-20,Camila Flores,camila.flores45@mail.com,Buenos Aires,Cargador rápido,Accesorios,8550,2
1191,2025-05-21,Sofía Torres,sofia.torres27@mail.com,San Juan,Mouse inalámbrico,Periféricos,7225,3
1191,2025-05-21,Sofía Torres,sofia.torres27@mail.com,San Juan,Teclado mecánico,Periféricos,32000,2
1191,2025-05-21,Sofía Torres,sofia.torres27@mail.com,San Juan,"Notebook 15""",Computadoras,722500,2
1260,2025-05-21,Franco Torres,franco.torres19@mail.com,Buenos Aires,Silla ergonómica,Muebles,189000,2
1337,2025-05-21,Lucía Fernández,lucia.fernández10@mail.com,San Juan,Router WiFi,Redes,38000,3
1256,2025-05-22,Florencia Torres,florencia.torres9@mail.com,Córdoba,Cargador rápido,Accesorios,9500,1
1032,2025-05-23,Tomás Díaz,tomás.diaz21@mail.com,Mendoza,Webcam HD,Periféricos,15725,3
1195,2025-05-23,Sofía Gómez,sofia.gomez20@mail.com,San Juan,Teclado mecánico,Periféricos,32000,1
1369,2025-05-24,Florencia Torres,florencia.torres9@mail.com,Córdoba,Mouse inalámbrico,Periféricos,7225,2
1384,2025-05-24,Micaela Rodríguez,micaela.rodriguez17@mail.com,La Plata,"Monitor 24""",Monitores,145000,2
1384,2025-05-24,Micaela Rodríguez,micaela.rodriguez17@mail.com,La Plata,Mouse inalámbrico,Periféricos,7650,4
1170,2025-05-25,Santiago Gómez,santiago.gomez49@mail.com,San Juan,Silla ergonómica,Muebles,210000,4
1170,2025-05-25,Santiago Gómez,santiago.gomez49@mail.com,San Juan,Cargador rápido,Accesorios,8075,2
1346,2025-05-26,Emilio Díaz,emilio.diaz15@mail.com,Mendoza,Mouse inalámbrico,Periféricos,7225,2
1346,2025-05-26,Emilio Díaz,emilio.diaz15@mail.com,Mendoza,Router WiFi,Redes,34200,2
1346,2025-05-26,Emilio Díaz,emilio.diaz15@mail.com,Mendoza,Webcam HD,Periféricos,18500,3
1553,2025-05-26,Milagros Acosta,milagros.acosta35@mail.com,Córdoba,Silla ergonómica,Muebles,210000,3
1553,2025-05-26,Milagros Acosta,milagros.acosta35@mail.com,Córdoba,Hub USB-C,Periféricos,10625,2
1553,2025-05-26,Milagros Acosta,milagros.acosta35@mail.com,Córdoba,SSD 1TB,Almacenamiento,58500,2
1197,2025-05-27,Tomás Acosta,tomás.acosta39@mail.com,La Plata,Mochila para notebook,Accesorios,24000,2
1197,2025-05-27,Tomás Acosta,tomás.acosta39@mail.com,La Plata,Auriculares Bluetooth,Audio,21000,4
1197,2025-05-27,Tomás Acosta,tomás.acosta39@mail.com,La Plata,Teclado mecánico,Periféricos,32000,4
1576,2025-05-27,Tomás Acosta,tomás.acosta39@mail.com,La Plata,Router WiFi,Redes,38000,2
1576,2025-05-27,Tomás Acosta,tomás.acosta39@mail.com,La Plata,"Monitor 24""",Monitores,123250,4
1218,2025-05-28,Milagros Acosta,milagros.acosta35@mail.com,Córdoba,"Notebook 15""",Computadoras,722500,4
1230,2025-05-28,Franco Torres,franco.torres19@mail.com,Buenos Aires,Auriculares Bluetooth,Audio,21000,4
1230,2025-05-28,Franco Torres,franco.torres19@mail.com,Buenos Aires,Mochila para notebook,Accesorios,24000,3
1230,2025-05-28,Franco Torres,franco.torres19@mail.com,Buenos Aires,SSD 1TB,Almacenamiento,55250,1
1322,2025-05-28,Juan Martínez,juan.martinez14@mail.com,Córdoba,Mochila para notebook,Accesorios,20400,4
1490,2025-05-28,Julieta Gómez,julieta.gomez32@mail.com,Buenos Aires,Router WiFi,Redes,34200,4
1490,2025-05-28,Julieta Gómez,julieta.gomez32@mail.com,Buenos Aires,Mouse inalámbrico,Periféricos,7225,3
1490,2025-05-28,Julieta Gómez,julieta.gomez32@mail.com,Buenos Aires,"Notebook 15""",Computadoras,850000,1
1462,2025-05-29,Agustina Romero,agustina.romero54@mail.com,Buenos Aires,Router WiFi,Redes,38000,4
1462,2025-05-29,Agustina Romero,agustina.romero54@mail.com,Buenos Aires,SSD 1TB,Almacenamiento,65000,1
1485,2025-05-29,Juan Rodríguez,juan.rodriguez13@mail.com,Rosario,SSD 1TB,Almacenamiento,55250,2
1485,2025-05-29,Juan Rodríguez,juan.rodriguez13@mail.com,Rosario,Router WiFi,Redes,38000,3
1485,2025-05-29,Juan Rodríguez,juan.rodriguez13@mail.com,Rosario,"Monitor 24""",Monitores,123250,3
1507,2025-05-29,Rocío Torres,rocio.torres6@mail.com,Mendoza,Webcam HD,Periféricos,16650,3
1507,2025-05-29,Rocío Torres,rocio.torres6@mail.com,Mendoza,Hub USB-C,Periféricos,11250,4
1507,2025-05-29,Rocío Torres,rocio.torres6@mail.com,Mendoza,Teclado mecánico,Periféricos,28800,1
1521,2025-05-29,Bruno Torres,bruno.torres46@mail.com,Mendoza,Mochila para notebook,Accesorios,21600,1
1081,2025-05-30,Micaela Díaz,micaela.diaz30@mail.com,San Juan,Auriculares Bluetooth,Audio,21000,3
1477,2025-05-30,Nicolás Sánchez,nicolás.sánchez53@mail.com,Mendoza,Silla ergonómica,Muebles,210000,1
1477,2025-05-30,Nicolás Sánchez,nicolás.sánchez53@mail.com,Mendoza,SSD 1TB,Almacenamiento,65000,4
1477,2025-05-30,Nicolás Sánchez,nicolás.sánchez53@mail.com,Mendoza,Teclado mecánico,Periféricos,32000,4
1134,2025-05-31,Camila Díaz,camila.diaz38@mail.com,Buenos Aires,Silla ergonómica,Muebles,210000,4
1134,2025-05-31,Camila Díaz,camila.diaz38@mail.com,Buenos Aires,Hub USB-C,Periféricos,10625,1
1016,2025-06-01,Camila López,camila.lopez12@mail.com,Córdoba,Mouse inalámbrico,Periféricos,8500,1
1038,2025-06-01,Sofía Gómez,sofia.gomez44@mail.com,Mendoza,"Monitor 24""",Monitores,145000,4
1038,2025-06-01,Sofía Gómez,sofia.gomez44@mail.com,Mendoza,Auriculares Bluetooth,Audio,18900,3
1038,2025-06-01,Sofía Gómez,sofia.gomez44@mail.com,Mendoza,"Notebook 15""",Computadoras,850000,1
1113,2025-06-01,Sofía López,sofia.lopez5@mail.com,Buenos Aires,Cargador rápido,Accesorios,9500,2
1113,2025-06-01,Sofía López,sofia.lopez5@mail.com,Buenos Aires,"Notebook 15""",Computadoras,722500,2
1241,2025-06-01,Juan Flores,juan.flores50@mail.com,La Plata,Router WiFi,Redes,34200,4
1241,2025-06-01,Juan Flores,juan.flores50@mail.com,La Plata,Auriculares Bluetooth,Audio,21000,3
1241,2025-06-01,Juan Flores,juan.flores50@mail.com,La Plata,"Monitor 24""",Monitores,145000,4
1245,2025-06-01,Santiago Díaz,santiago.diaz40@mail.com,San Juan,Hub USB-C,Periféricos,12500,2
1245,2025-06-01,Santiago Díaz,santiago.diaz40@mail.com,San Juan,Auriculares Bluetooth,Audio,21000,4
1307,2025-06-01,Rocío Torres,rocio.torres6@mail.com,Mendoza,Teclado mecánico,Periféricos,32000,2
1307,2025-06-01,Rocío Torres,rocio.torres6@mail.com,Mendoza,Cargador rápido,Accesorios,9500,3
1104,2025-06-03,Sofía Gómez,sofia.gomez44@mail.com,Mendoza,Mouse inalámbrico,Periféricos,8500,3
1109,2025-06-03,Micaela Flores,micaela.flores37@mail.com,Rosario,"Notebook 15""",Computadoras,850000,3
1109,2025-06-03,Micaela Flores,micaela.flores37@mail.com,Rosario,Webcam HD,Periféricos,16650,4
1109,2025-06-03,Micaela Flores,micaela.flores37@mail.com,Rosario,Mochila para notebook,Accesorios,24000,1
1022,2025-06-04,Nicolás Sánchez,nicolás.sánchez53@mail.com,Mendoza,Router WiFi,Redes,38000,3
1022,2025-06-04,Nicolás Sánchez,nicolás.sánchez53@mail.com,Mendoza,Silla ergonómica,Muebles,210000,2
1022,2025-06-04,Nicolás Sánchez,nicolás.sánchez53@mail.com,Mendoza,Mouse inalámbrico,Periféricos,8500,1
1301,2025-06-05,Santiago Pérez,santiago.pérez8@mail.com,Buenos Aires,Webcam HD,Periféricos,16650,2
1475,2025-06-05,Juan Flores,juan.flores50@mail.com,La Plata,Silla ergonómica,Muebles,210000,3
1475,2025-06-05,Juan Flores,juan.flores50@mail.com,La Plata,Auriculares Bluetooth,Audio,21000,1
1475,2025-06-05,Juan Flores,juan.flores50@mail.com,La Plata,Mochila para notebook,Accesorios,24000,4
1518,2025-06-06,Tomás Rodríguez,tomás.rodriguez22@mail.com,Rosario,Silla ergonómica,Muebles,178500,2
1518,2025-06-06,Tomás Rodríguez,tomás.rodriguez22@mail.com,Rosario,Teclado mecánico,Periféricos,32000,1
1224,2025-06-07,Agustina Acosta,agustina.acosta26@mail.com,San Juan,Cargador rápido,Accesorios,9500,4
1224,2025-06-07,Agustina Acosta,agustina.acosta26@mail.com,San Juan,Router WiFi,Redes,38000,2
1224,2025-06-07,Agustina Acosta,agustina.acosta26@mail.com,San Juan,Mouse inalámbrico,Periféricos,8500,4
1185,2025-06-08,Rocío Gómez,rocio.gomez59@mail.com,La Plata,"Notebook 15""",Computadoras,850000,3
1185,2025-06-08,Rocío Gómez,rocio.gomez59@mail.com,La Plata,Silla ergonómica,Muebles,210000,2
1185,2025-06-08,Rocío Gómez,rocio.gomez59@mail.com,La Plata,Mochila para notebook,Accesorios,24000,3
1392,2025-06-08,Agustina Rodríguez,agustina.rodriguez34@mail.com,Buenos Aires,Mochila para notebook,Accesorios,24000,1
1035,2025-06-10,Bruno Torres,bruno.torres46@mail.com,Mendoza,Hub USB-C,Periféricos,11250,1
1035,2025-06-10,Bruno Torres,bruno.torres46@mail.com,Mendoza,Silla ergonómica,Muebles,210000,2
1210,2025-06-10,Florencia Torres,florencia.torres9@mail.com,Córdoba,SSD 1TB,Almacenamiento,65000,2
1210,2025-06-10,Florencia Torres,florencia.torres9@mail.com,Córdoba,Cargador rápido,Accesorios,9500,1
1210,2025-06-10,Florencia Torres,florencia.torres9@mail.com,Córdoba,"Notebook 15""",Computadoras,765000,2
1213,2025-06-10,Bruno Torres,bruno.torres46@mail.com,Mendoza,"Monitor 24""",Monitores,123250,4
1374,2025-06-10,Tomás Fernández,tomás.fernández29@mail.com,Rosario,Teclado mecánico,Periféricos,32000,3
1374,2025-06-10,Tomás Fernández,tomás.fernández29@mail.com,Rosario,Silla ergonómica,Muebles,210000,4
1578,2025-06-10,Juan Martínez,juan.martinez14@mail.com,Córdoba,Router WiFi,Redes,32300,3
1578,2025-06-10,Juan Martínez,juan.martinez14@mail.com,Córdoba,Webcam HD,Periféricos,18500,4
1089,2025-06-11,Sofía López,sofia.lopez5@mail.com,Buenos Aires,SSD 1TB,Almacenamiento,55250,4
1089,2025-06-11,Sofía López,sofia.lopez5@mail.com,Buenos Aires,Teclado mecánico,Periféricos,27200,1
1345,2025-06-11,Sofía Torres,sofia.torres27@mail.com,San Juan,Auriculares Bluetooth,Audio,21000,3
1558,2025-06-11,Agustina Flores,agustina.flores51@mail.com,Córdoba,SSD 1TB,Almacenamiento,65000,1
1558,2025-06-11,Agustina Flores,agustina.flores51@mail.com,Córdoba,Silla ergonómica,Muebles,210000,2
1045,2025-06-12,Micaela Martínez,micaela.martinez42@mail.com,Buenos Aires,Hub USB-C,Periféricos,10625,4
1045,2025-06-12,Micaela Martínez,micaela.martinez42@mail.com,Buenos Aires,Silla ergonómica,Muebles,210000,4
1391,2025-06-12,Emilio Díaz,emilio.diaz15@mail.com,Mendoza,Cargador rápido,Accesorios,9500,1
1391,2025-06-12,Emilio Díaz,emilio.diaz15@mail.com,Mendoza,SSD 1TB,Almacenamiento,55250,2
1391,2025-06-12,Emilio Díaz,emilio.diaz15@mail.com,Mendoza,Hub USB-C,Periféricos,11250,2
1397,2025-06-12,Milagros Pérez,milagros.pérez41@mail.com,La Plata,Cargador rápido,Accesorios,9500,3
1198,2025-06-13,Agustina Flores,agustina.flores51@mail.com,Córdoba,SSD 1TB,Almacenamiento,65000,3
1198,2025-06-13,Agustina Flores,agustina.flores51@mail.com,Córdoba,Teclado mecánico,Periféricos,32000,2
1198,2025-06-13,Agustina Flores,agustina.flores51@mail.com,Córdoba,Silla ergonómica,Muebles,178500,3
1222,2025-06-13,Rocío Gómez,rocio.gomez59@mail.com,La Plata,"Notebook 15""",Computadoras,722500,3
1270,2025-06-13,Florencia Romero,florencia.romero48@mail.com,Córdoba,SSD 1TB,Almacenamiento,58500,3
1420,2025-06-13,Florencia Romero,florencia.romero16@mail.com,Mendoza,Teclado mecánico,Periféricos,27200,4
1420,2025-06-13,Florencia Romero,florencia.romero16@mail.com,Mendoza,Cargador rápido,Accesorios,9500,3
1420,2025-06-13,Florencia Romero,florencia.romero16@mail.com,Mendoza,"Notebook 15""",Computadoras,850000,4
1088,2025-06-14,Tomás Díaz,tomás.diaz21@mail.com,Mendoza,Teclado mecánico,Periféricos,28800,4
1088,2025-06-14,Tomás Díaz,tomás.diaz21@mail.com,Mendoza,"Monitor 24""",Monitores,130500,3
1088,2025-06-14,Tomás Díaz,tomás.diaz21@mail.com,Mendoza,SSD 1TB,Almacenamiento,58500,1
1189,2025-06-14,Mateo Flores,mateo.flores18@mail.com,La Plata,Teclado mecánico,Periféricos,32000,3
1450,2025-06-14,Juan Gómez,juan.gomez0@mail.com,San Juan,Auriculares Bluetooth,Audio,21000,2
1450,2025-06-14,Juan Gómez,juan.gomez0@mail.com,San Juan,Mouse inalámbrico,Periféricos,8500,3
1450,2025-06-14,Juan Gómez,juan.gomez0@mail.com,San Juan,Router WiFi,Redes,38000,2
1611,2025-06-14,Emilio Díaz,emilio.diaz15@mail.com,Mendoza,Teclado mecánico,Periféricos,32000,4
1611,2025-06-14,Emilio Díaz,emilio.diaz15@mail.com,Mendoza,Router WiFi,Redes,32300,4
1611,2025-06-14,Emilio Díaz,emilio.diaz15@mail.com,Mendoza,Silla ergonómica,Muebles,178500,2
1086,2025-06-15,Micaela Pérez,micaela.pérez47@mail.com,La Plata,Webcam HD,Periféricos,15725,2
1086,2025-06-15,Micaela Pérez,micaela.pérez47@mail.com,La Plata,Mouse inalámbrico,Periféricos,8500,1
1086,2025-06-15,Micaela Pérez,micaela.pérez47@mail.com,La Plata,Teclado mecánico,Periféricos,32000,1
1156,2025-06-15,Milagros Pérez,milagros.pérez41@mail.com,La Plata,SSD 1TB,Almacenamiento,58500,1
1156,2025-06-15,Milagros Pérez,milagros.pérez41@mail.com,La Plata,"Monitor 24""",Monitores,145000,4
1156,2025-06-15,Milagros Pérez,milagros.pérez41@mail.com,La Plata,Mochila para notebook,Accesorios,20400,3
1334,2025-06-15,Micaela Rodríguez,micaela.rodriguez17@mail.com,La Plata,SSD 1TB,Almacenamiento,55250,2
1334,2025-06-15,Micaela Rodríguez,micaela.rodriguez17@mail.com,La Plata,Silla ergonómica,Muebles,210000,4
1396,2025-06-15,Franco Torres,franco.torres19@mail.com,Buenos Aires,"Monitor 24""",Monitores,130500,4
1612,2025-06-15,Mateo Flores,mateo.flores18@mail.com,La Plata,Router WiFi,Redes,38000,1
1612,2025-06-15,Mateo Flores,mateo.flores18@mail.com,La Plata,SSD 1TB,Almacenamiento,65000,1
1292,2025-06-16,Camila Díaz,camila.diaz38@mail.com,Buenos Aires,Mouse inalámbrico,Periféricos,7650,4
1292,2025-06-16,Camila Díaz,camila.diaz38@mail.com,Buenos Aires,Webcam HD,Periféricos,15725,1
1585,2025-06-16,Rocío Rodríguez,rocio.rodriguez55@mail.com,San Juan,Mochila para notebook,Accesorios,20400,3
1585,2025-06-16,Rocío Rodríguez,rocio.rodriguez55@mail.com,San Juan,Silla ergonómica,Muebles,210000,4
1628,2025-06-16,Bruno Torres,bruno.torres46@mail.com,Mendoza,"Monitor 24""",Monitores,123250,1
1628,2025-06-16,Bruno Torres,bruno.torres46@mail.com,Mendoza,Mochila para notebook,Accesorios,24000,3
1352,2025-06-17,Agustina Rodríguez,agustina.rodriguez34@mail.com,Buenos Aires,Hub USB-C,Periféricos,12500,1
1352,2025-06-17,Agustina Rodríguez,agustina.rodriguez34@mail.com,Buenos Aires,Router WiFi,Redes,38000,4
1139,2025-06-18,Milagros Acosta,milagros.acosta35@mail.com,Córdoba,Teclado mecánico,Periféricos,32000,4
1139,2025-06-18,Milagros Acosta,milagros.acosta35@mail.com,Córdoba,"Notebook 15""",Computadoras,722500,3
1139,2025-06-18,Milagros Acosta,milagros.acosta35@mail.com,Córdoba,SSD 1TB,Almacenamiento,65000,3
1033,2025-06-19,Franco López,franco.lopez25@mail.com,San Juan,Teclado mecánico,Periféricos,32000,3
1070,2025-06-19,Micaela Pérez,micaela.pérez47@mail.com,La Plata,Cargador rápido,Accesorios,9500,3
1070,2025-06-19,Micaela Pérez,micaela.pérez47@mail.com,La Plata,Mochila para notebook,Accesorios,24000,3
1186,2025-06-19,Rocío Rodríguez,rocio.rodriguez55@mail.com,San Juan,Teclado mecánico,Periféricos,28800,4
1186,2025-06-19,Rocío Rodríguez,rocio.rodriguez55@mail.com,San Juan,SSD 1TB,Almacenamiento,58500,4
1382,2025-06-19,Sofía López,sofia.lopez5@mail.com,Buenos Aires,Mouse inalámbrico,Periféricos,8500,4
1443,2025-06-19,Agustina Acosta,agustina.acosta26@mail.com,San Juan,Webcam HD,Periféricos,16650,3
1443,2025-06-19,Agustina Acosta,agustina.acosta26@mail.com,San Juan,Hub USB-C,Periféricos,11250,1
1531,2025-06-19,Agustina Acosta,agustina.acosta26@mail.com,San Juan,Teclado mecánico,Periféricos,32000,4
1531,2025-06-19,Agustina Acosta,agustina.acosta26@mail.com,San Juan,Mochila para notebook,Accesorios,21600,2
1531,2025-06-19,Agustina Acosta,agustina.acosta26@mail.com,San Juan,Router WiFi,Redes,38000,1
1642,2025-06-19,Agustina López,agustina.lopez1@mail.com,Buenos Aires,Cargador rápido,Accesorios,9500,2
1221,2025-06-20,Camila Flores,camila.flores45@mail.com,Buenos Aires,Silla ergonómica,Muebles,178500,2
1221,2025-06-20,Camila Flores,camila.flores45@mail.com,Buenos Aires,Mochila para notebook,Accesorios,24000,2
1447,2025-06-20,Santiago López,santiago.lopez31@mail.com,San Juan,"Monitor 24""",Monitores,130500,1
1447,2025-06-20,Santiago López,santiago.lopez31@mail.com,San Juan,SSD 1TB,Almacenamiento,65000,3
1447,2025-06-20,Santiago López,santiago.lopez31@mail.com,San Juan,Mouse inalámbrico,Periféricos,7225,2
1048,2025-06-21,Micaela Rodríguez,micaela.rodriguez17@mail.com,La Plata,Silla ergonómica,Muebles,210000,2
1048,2025-06-21,Micaela Rodríguez,micaela.rodriguez17@mail.com,La Plata,Teclado mecánico,Periféricos,28800,2
1175,2025-06-21,Nicolás Sánchez,nicolás.sánchez53@mail.com,Mendoza,"Monitor 24""",Monitores,145000,1
1437,2025-06-22,Bruno Gómez,bruno.gomez4@mail.com,Mendoza,Router WiFi,Redes,38000,3
1437,2025-06-22,Bruno Gómez,bruno.gomez4@mail.com,Mendoza,SSD 1TB,Almacenamiento,65000,3
1010,2025-06-23,Bruno Torres,bruno.torres46@mail.com,Mendoza,Auriculares Bluetooth,Audio,21000,2
1220,2025-06-23,Juan Flores,juan.flores50@mail.com,La Plata,SSD 1TB,Almacenamiento,55250,4
1220,2025-06-23,Juan Flores,juan.flores50@mail.com,La Plata,"Monitor 24""",Monitores,145000,1
1220,2025-06-23,Juan Flores,juan.flores50@mail.com,La Plata,Auriculares Bluetooth,Audio,21000,1
1606,2025-06-23,Sofía López,sofia.lopez5@mail.com,Buenos Aires,Mouse inalámbrico,Periféricos,7225,2
1606,2025-06-23,Sofía López,sofia.lopez5@mail.com,Buenos Aires,Cargador rápido,Accesorios,9500,1
1606,2025-06-23,Sofía López,sofia.lopez5@mail.com,Buenos Aires,SSD 1TB,Almacenamiento,65000,4
1555,2025-06-24,Mateo Flores,mateo.flores18@mail.com,La Plata,Silla ergonómica,Muebles,178500,3
1229,2025-06-25,Franco Fernández,franco.fernández58@mail.com,La Plata,SSD 1TB,Almacenamiento,65000,4
1229,2025-06-25,Franco Fernández,franco.fernández58@mail.com,La Plata,Router WiFi,Redes,38000,2
1229,2025-06-25,Franco Fernández,franco.fernández58@mail.com,La Plata,Webcam HD,Periféricos,18500,3
1340,2025-06-25,Juan Gómez,juan.gomez0@mail.com,San Juan,"Notebook 15""",Computadoras,765000,2
1416,2025-06-26,Micaela Martínez,micaela.martinez42@mail.com,Buenos Aires,"Notebook 15""",Computadoras,765000,1
1416,2025-06-26,Micaela Martínez,micaela.martinez42@mail.com,Buenos Aires,Hub USB-C,Periféricos,10625,4
1416,2025-06-26,Micaela Martínez,micaela.martinez42@mail.com,Buenos Aires,Auriculares Bluetooth,Audio,17850,4
1528,2025-06-26,Juan Díaz,juan.diaz52@mail.com,Rosario,Mochila para notebook,Accesorios,20400,1
1528,2025-06-26,Juan Díaz,juan.diaz52@mail.com,Rosario,Hub USB-C,Periféricos,11250,2
1499,2025-06-27,Micaela Martínez,micaela.martinez42@mail.com,Buenos Aires,Auriculares Bluetooth,Audio,21000,2
1499,2025-06-27,Micaela Martínez,micaela.martinez42@mail.com,Buenos Aires,Router WiFi,Redes,34200,3
1607,2025-06-27,Sofía Gómez,sofia.gomez20@mail.com,San Juan,Cargador rápido,Accesorios,8550,1
1607,2025-06-27,Sofía Gómez,sofia.gomez20@mail.com,San Juan,Auriculares Bluetooth,Audio,21000,3
1637,2025-06-28,Agustina Sánchez,agustina.sánchez23@mail.com,San Juan,SSD 1TB,Almacenamiento,55250,3
1157,2025-06-30,Santiago Rodríguez,santiago.rodriguez3@mail.com,La Plata,Teclado mecánico,Periféricos,32000,4
1157,2025-06-30,Santiago Rodríguez,santiago.rodriguez3@mail.com,La Plata,Webcam HD,Periféricos,18500,1
1157,2025-06-30,Santiago Rodríguez,santiago.rodriguez3@mail.com,La Plata,Mochila para notebook,Accesorios,24000,3
1215,2025-06-30,Juan Rodríguez,juan.rodriguez13@mail.com,Rosario,Mouse inalámbrico,Periféricos,7650,3
1066,2025-07-01,Juan Rodríguez,juan.rodriguez13@mail.com,Rosario,SSD 1TB,Almacenamiento,55250,3
1066,2025-07-01,Juan Rodríguez,juan.rodriguez13@mail.com,Rosario,Webcam HD,Periféricos,15725,1
1105,2025-07-03,Mateo Flores,mateo.flores18@mail.com,La Plata,"Notebook 15""",Computadoras,722500,2
1105,2025-07-03,Mateo Flores,mateo.flores18@mail.com,La Plata,"Monitor 24""",Monitores,123250,4
1110,2025-07-03,Franco Fernández,franco.fernández24@mail.com,Córdoba,Webcam HD,Periféricos,18500,4
1110,2025-07-03,Franco Fernández,franco.fernández24@mail.com,Córdoba,Cargador rápido,Accesorios,8075,1
1110,2025-07-03,Franco Fernández,franco.fernández24@mail.com,Córdoba,Mouse inalámbrico,Periféricos,7225,1
1123,2025-07-03,Emilio López,emilio.lopez57@mail.com,Buenos Aires,"Notebook 15""",Computadoras,850000,3
1128,2025-07-03,Juan Gómez,juan.gomez0@mail.com,San Juan,Hub USB-C,Periféricos,12500,3
1269,2025-07-03,Agustina Rodríguez,agustina.rodriguez34@mail.com,Buenos Aires,Webcam HD,Periféricos,16650,4
1269,2025-07-03,Agustina Rodríguez,agustina.rodriguez34@mail.com,Buenos Aires,SSD 1TB,Almacenamiento,58500,1
1496,2025-07-03,Juan Flores,juan.flores50@mail.com,La Plata,Cargador rápido,Accesorios,8075,3
1200,2025-07-04,Agustina López,agustina.lopez1@mail.com,Buenos Aires,Hub USB-C,Periféricos,10625,2
1200,2025-07-04,Agustina López,agustina.lopez1@mail.com,Buenos Aires,SSD 1TB,Almacenamiento,65000,1
1200,2025-07-04,Agustina López,agustina.lopez1@mail.com,Buenos Aires,Mochila para notebook,Accesorios,21600,3
1430,2025-07-04,Franco Fernández,franco.fernández58@mail.com,La Plata,Auriculares Bluetooth,Audio,17850,4
1430,2025-07-04,Franco Fernández,franco.fernández58@mail.com,La Plata,Webcam HD,Periféricos,18500,4
1430,2025-07-04,Franco Fernández,franco.fernández58@mail.com,La Plata,SSD 1TB,Almacenamiento,65000,1
1602,2025-07-04,Camila López,camila.lopez12@mail.com,Córdoba,Router WiFi,Redes,38000,2
1122,2025-07-05,Agustina Romero,agustina.romero54@mail.com,Buenos Aires,Router WiFi,Redes,32300,3
1543,2025-07-05,Agustina Acosta,agustina.acosta26@mail.com,San Juan,"Monitor 24""",Monitores,123250,4
1027,2025-07-06,Franco Torres,franco.torres19@mail.com,Buenos Aires,SSD 1TB,Almacenamiento,65000,2
1516,2025-07-06,Florencia Torres,florencia.torres9@mail.com,Córdoba,"Notebook 15""",Computadoras,850000,1
1516,2025-07-06,Florencia Torres,florencia.torres9@mail.com,Córdoba,"Monitor 24""",Monitores,145000,2
1114,2025-07-07,Mateo Flores,mateo.flores56@mail.com,La Plata,Silla ergonómica,Muebles,189000,3
1114,2025-07-07,Mateo Flores,mateo.flores56@mail.com,La Plata,Webcam HD,Periféricos,18500,3
1114,2025-07-07,Mateo Flores,mateo.flores56@mail.com,La Plata,"Monitor 24""",Monitores,130500,1
1193,2025-07-07,Santiago Gómez,santiago.gomez49@mail.com,San Juan,"Notebook 15""",Computadoras,722500,1
1193,2025-07-07,Santiago Gómez,santiago.gomez49@mail.com,San Juan,Hub USB-C,Periféricos,11250,2
1217,2025-07-07,Bruno Torres,bruno.torres46@mail.com,Mendoza,SSD 1TB,Almacenamiento,65000,4
1217,2025-07-07,Bruno Torres,bruno.torres46@mail.com,Mendoza,Mouse inalámbrico,Periféricos,8500,2
1567,2025-07-07,Tomás Díaz,tomás.diaz21@mail.com,Mendoza,Mochila para notebook,Accesorios,24000,4
1492,2025-07-08,Franco Fernández,franco.fernández58@mail.com,La Plata,Silla ergonómica,Muebles,210000,2
1492,2025-07-08,Franco Fernández,franco.fernández58@mail.com,La Plata,Hub USB-C,Periféricos,12500,4
1492,2025-07-08,Franco Fernández,franco.fernández58@mail.com,La Plata,Auriculares Bluetooth,Audio,21000,1
1120,2025-07-09,Tomás Fernández,tomás.fernández29@mail.com,Rosario,Cargador rápido,Accesorios,8550,2
1120,2025-07-09,Tomás Fernández,tomás.fernández29@mail.com,Rosario,Silla ergonómica,Muebles,189000,1
1120,2025-07-09,Tomás Fernández,tomás.fernández29@mail.com,Rosario,"Notebook 15""",Computadoras,850000,4
1121,2025-07-09,Camila Acosta,camila.acosta2@mail.com,Mendoza,Mochila para notebook,Accesorios,24000,4
1265,2025-07-09,Agustina Romero,agustina.romero54@mail.com,Buenos Aires,Silla ergonómica,Muebles,210000,2
1138,2025-07-10,Micaela Pérez,micaela.pérez47@mail.com,La Plata,Silla ergonómica,Muebles,178500,1
1194,2025-07-10,Agustina Sánchez,agustina.sánchez23@mail.com,San Juan,Teclado mecánico,Periféricos,27200,2
1194,2025-07-10,Agustina Sánchez,agustina.sánchez23@mail.com,San Juan,Hub USB-C,Periféricos,11250,3
1338,2025-07-10,Sofía López,sofia.lopez5@mail.com,Buenos Aires,Router WiFi,Redes,38000,4
1338,2025-07-10,Sofía López,sofia.lopez5@mail.com,Buenos Aires,"Monitor 24""",Monitores,130500,2
1338,2025-07-10,Sofía López,sofia.lopez5@mail.com,Buenos Aires,Mouse inalámbrico,Periféricos,8500,1
1370,2025-07-10,Agustina Acosta,agustina.acosta26@mail.com,San Juan,Cargador rápido,Accesorios,8075,1
1370,2025-07-10,Agustina Acosta,agustina.acosta26@mail.com,San Juan,Teclado mecánico,Periféricos,28800,2
1568,2025-07-10,Agustina Acosta,agustina.acosta26@mail.com,San Juan,"Notebook 15""",Computadoras,850000,4
1568,2025-07-10,Agustina Acosta,agustina.acosta26@mail.com,San Juan,Webcam HD,Periféricos,15725,2
1605,2025-07-10,Florencia Torres,florencia.torres9@mail.com,Córdoba,Auriculares Bluetooth,Audio,18900,2
1622,2025-07-10,Sofía Gómez,sofia.gomez20@mail.com,San Juan,Router WiFi,Redes,32300,3
1622,2025-07-10,Sofía Gómez,sofia.gomez20@mail.com,San Juan,"Notebook 15""",Computadoras,722500,2
1246,2025-07-11,Tomás Fernández,tomás.fernández29@mail.com,Rosario,Cargador rápido,Accesorios,8075,4
1246,2025-07-11,Tomás Fernández,tomás.fernández29@mail.com,Rosario,Silla ergonómica,Muebles,210000,2
1164,2025-07-12,Milagros Acosta,milagros.acosta35@mail.com,Córdoba,SSD 1TB,Almacenamiento,58500,1
1164,2025-07-12,Milagros Acosta,milagros.acosta35@mail.com,Córdoba,"Monitor 24""",Monitores,145000,3
1164,2025-07-12,Milagros Acosta,milagros.acosta35@mail.com,Córdoba,Silla ergonómica,Muebles,210000,3
1406,2025-07-12,Mateo Flores,mateo.flores56@mail.com,La Plata,Cargador rápido,Accesorios,8075,1
1435,2025-07-12,Sofía Torres,sofia.torres27@mail.com,San Juan,Mochila para notebook,Accesorios,21600,2
1435,2025-07-12,Sofía Torres,sofia.torres27@mail.com,San Juan,Webcam HD,Periféricos,15725,3
1527,2025-07-12,Florencia Romero,florencia.romero16@mail.com,Mendoza,Silla ergonómica,Muebles,210000,4
1097,2025-07-13,Tomás Díaz,tomás.diaz21@mail.com,Mendoza,SSD 1TB,Almacenamiento,55250,2
1097,2025-07-13,Tomás Díaz,tomás.diaz21@mail.com,Mendoza,Auriculares Bluetooth,Audio,21000,4
1266,2025-07-13,Micaela Rodríguez,micaela.rodriguez17@mail.com,La Plata,Hub USB-C,Periféricos,12500,1
1266,2025-07-13,Micaela Rodríguez,micaela.rodriguez17@mail.com,La Plata,Cargador rápido,Accesorios,8550,2
1266,2025-07-13,Micaela Rodríguez,micaela.rodriguez17@mail.com,La Plata,Mouse inalámbrico,Periféricos,8500,2
1302,2025-07-13,Juan Flores,juan.flores50@mail.com,La Plata,Mochila para notebook,Accesorios,20400,4
1055,2025-07-14,Florencia Romero,florencia.romero16@mail.com,Mendoza,Auriculares Bluetooth,Audio,21000,3
1055,2025-07-14,Florencia Romero,florencia.romero16@mail.com,Mendoza,Mochila para notebook,Accesorios,24000,4
1225,2025-07-14,Martín Martínez,martin.martinez33@mail.com,Rosario,Router WiFi,Redes,38000,2
1231,2025-07-14,Camila Romero,camila.romero43@mail.com,Rosario,SSD 1TB,Almacenamiento,65000,3
1231,2025-07-14,Camila Romero,camila.romero43@mail.com,Rosario,"Monitor 24""",Monitores,145000,3
1255,2025-07-14,Sofía Torres,sofia.torres27@mail.com,San Juan,Auriculares Bluetooth,Audio,21000,4
1287,2025-07-14,Micaela Martínez,micaela.martinez42@mail.com,Buenos Aires,Hub USB-C,Periféricos,12500,3
1297,2025-07-14,Nicolás Sánchez,nicolás.sánchez53@mail.com,Mendoza,Mochila para notebook,Accesorios,20400,4
1297,2025-07-14,Nicolás Sánchez,nicolás.sánchez53@mail.com,Mendoza,SSD 1TB,Almacenamiento,65000,2
1107,2025-07-15,Rocío Rodríguez,rocio.rodriguez55@mail.com,San Juan,Router WiFi,Redes,38000,2
1107,2025-07-15,Rocío Rodríguez,rocio.rodriguez55@mail.com,San Juan,Auriculares Bluetooth,Audio,21000,4
1107,2025-07-15,Rocío Rodríguez,rocio.rodriguez55@mail.com,San Juan,Mochila para notebook,Accesorios,24000,4
1117,2025-07-15,Micaela Flores,micaela.flores37@mail.com,Rosario,SSD 1TB,Almacenamiento,65000,4
1117,2025-07-15,Micaela Flores,micaela.flores37@mail.com,Rosario,Teclado mecánico,Periféricos,27200,3
1117,2025-07-15,Micaela Flores,micaela.flores37@mail.com,Rosario,Auriculares Bluetooth,Audio,21000,2
1253,2025-07-15,Emilio López,emilio.lopez57@mail.com,Buenos Aires,"Notebook 15""",Computadoras,722500,1
1253,2025-07-15,Emilio López,emilio.lopez57@mail.com,Buenos Aires,Cargador rápido,Accesorios,9500,2
1342,2025-07-15,Santiago Pérez,santiago.pérez8@mail.com,Buenos Aires,Router WiFi,Redes,38000,2
1629,2025-07-15,Bruno Torres,bruno.torres46@mail.com,Mendoza,Mouse inalámbrico,Periféricos,8500,3
1449,2025-07-16,Micaela Díaz,micaela.diaz30@mail.com,San Juan,Mouse inalámbrico,Periféricos,8500,2
1162,2025-07-17,Rocío Torres,rocio.torres6@mail.com,Mendoza,Webcam HD,Periféricos,18500,2
1162,2025-07-17,Rocío Torres,rocio.torres6@mail.com,Mendoza,Router WiFi,Redes,32300,1
1432,2025-07-17,Agustina López,agustina.lopez1@mail.com,Buenos Aires,"Monitor 24""",Monitores,145000,2
1469,2025-07-17,Tomás Rodríguez,tomás.rodriguez22@mail.com,Rosario,Silla ergonómica,Muebles,210000,1
1536,2025-07-17,Franco Fernández,franco.fernández24@mail.com,Córdoba,Teclado mecánico,Periféricos,32000,1
1181,2025-07-18,Santiago Díaz,santiago.diaz40@mail.com,San Juan,Webcam HD,Periféricos,18500,3
1181,2025-07-18,Santiago Díaz,santiago.diaz40@mail.com,San Juan,Mouse inalámbrico,Periféricos,8500,3
1482,2025-07-18,Rocío Torres,rocio.torres6@mail.com,Mendoza,Hub USB-C,Periféricos,11250,4
1482,2025-07-18,Rocío Torres,rocio.torres6@mail.com,Mendoza,Cargador rápido,Accesorios,9500,2
1482,2025-07-18,Rocío Torres,rocio.torres6@mail.com,Mendoza,SSD 1TB,Almacenamiento,65000,4
1051,2025-07-19,Franco Torres,franco.torres19@mail.com,Buenos Aires,Silla ergonómica,Muebles,189000,2
1051,2025-07-19,Franco Torres,franco.torres19@mail.com,Buenos Aires,Cargador rápido,Accesorios,9500,2
1284,2025-07-19,Emilio Díaz,emilio.diaz15@mail.com,Mendoza,Silla ergonómica,Muebles,210000,2
1284,2025-07-19,Emilio Díaz,emilio.diaz15@mail.com,Mendoza,SSD 1TB,Almacenamiento,65000,3
1284,2025-07-19,Emilio Díaz,emilio.diaz15@mail.com,Mendoza,"Notebook 15""",Computadoras,765000,1
1597,2025-07-20,Micaela Rodríguez,micaela.rodriguez17@mail.com,La Plata,Silla ergonómica,Muebles,210000,4
1372,2025-07-21,Rocío Gómez,rocio.gomez59@mail.com,La Plata,Cargador rápido,Accesorios,9500,4
1372,2025-07-21,Rocío Gómez,rocio.gomez59@mail.com,La Plata,SSD 1TB,Almacenamiento,65000,2
1372,2025-07-21,Rocío Gómez,rocio.gomez59@mail.com,La Plata,Router WiFi,Redes,38000,2
1632,2025-07-21,Santiago Rodríguez,santiago.rodriguez3@mail.com,La Plata,Hub USB-C,Periféricos,12500,1
1632,2025-07-21,Santiago Rodríguez,santiago.rodriguez3@mail.com,La Plata,Cargador rápido,Accesorios,9500,4
1633,2025-07-21,Juan Flores,juan.flores50@mail.com,La Plata,"Monitor 24""",Monitores,145000,3
1649,2025-07-21,Santiago López,santiago.lopez31@mail.com,San Juan,"Monitor 24""",Monitores,145000,3
1649,2025-07-21,Santiago López,santiago.lopez31@mail.com,San Juan,Mouse inalámbrico,Periféricos,8500,3
1649,2025-07-21,Santiago López,santiago.lopez31@mail.com,San Juan,SSD 1TB,Almacenamiento,65000,3
1147,2025-07-22,Juan Martínez,juan.martinez14@mail.com,Córdoba,Mouse inalámbrico,Periféricos,8500,3
1147,2025-07-22,Juan Martínez,juan.martinez14@mail.com,Córdoba,Cargador rápido,Accesorios,9500,2
1147,2025-07-22,Juan Martínez,juan.martinez14@mail.com,Córdoba,Auriculares Bluetooth,Audio,21000,3
1153,2025-07-22,Sofía López,sofia.lopez5@mail.com,Buenos Aires,Cargador rápido,Accesorios,9500,2
1153,2025-07-22,Sofía López,sofia.lopez5@mail.com,Buenos Aires,SSD 1TB,Almacenamiento,65000,2
1102,2025-07-23,Tomás Acosta,tomás.acosta39@mail.com,La Plata,Teclado mecánico,Periféricos,32000,4
1102,2025-07-23,Tomás Acosta,tomás.acosta39@mail.com,La Plata,SSD 1TB,Almacenamiento,55250,4
1102,2025-07-23,Tomás Acosta,tomás.acosta39@mail.com,La Plata,Silla ergonómica,Muebles,178500,1
1238,2025-07-23,Nicolás Sánchez,nicolás.sánchez53@mail.com,Mendoza,"Monitor 24""",Monitores,145000,1
1238,2025-07-23,Nicolás Sánchez,nicolás.sánchez53@mail.com,Mendoza,Webcam HD,Periféricos,15725,3
1283,2025-07-23,Florencia Torres,florencia.torres9@mail.com,Córdoba,Webcam HD,Periféricos,15725,2
1333,2025-07-23,Juan Flores,juan.flores50@mail.com,La Plata,"Notebook 15""",Computadoras,765000,2
1436,2025-07-23,Juan Díaz,juan.diaz52@mail.com,Rosario,Teclado mecánico,Periféricos,27200,3
1436,2025-07-23,Juan Díaz,juan.diaz52@mail.com,Rosario,Mouse inalámbrico,Periféricos,8500,3
1436,2025-07-23,Juan Díaz,juan.diaz52@mail.com,Rosario,Silla ergonómica,Muebles,189000,1
1559,2025-07-24,Sofía López,sofia.lopez5@mail.com,Buenos Aires,Cargador rápido,Accesorios,8550,2
1559,2025-07-24,Sofía López,sofia.lopez5@mail.com,Buenos Aires,SSD 1TB,Almacenamiento,65000,3
1559,2025-07-24,Sofía López,sofia.lopez5@mail.com,Buenos Aires,Teclado mecánico,Periféricos,27200,2
1424,2025-07-25,Florencia Torres,florencia.torres9@mail.com,Córdoba,"Notebook 15""",Computadoras,850000,3
1554,2025-07-26,Rocío Gómez,rocio.gomez59@mail.com,La Plata,Mouse inalámbrico,Periféricos,7225,4
1554,2025-07-26,Rocío Gómez,rocio.gomez59@mail.com,La Plata,Webcam HD,Periféricos,15725,1
1554,2025-07-26,Rocío Gómez,rocio.gomez59@mail.com,La Plata,"Monitor 24""",Monitores,123250,1
1378,2025-07-27,Agustina López,agustina.lopez1@mail.com,Buenos Aires,Silla ergonómica,Muebles,210000,2
1378,2025-07-27,Agustina López,agustina.lopez1@mail.com,Buenos Aires,Cargador rápido,Accesorios,9500,4
1577,2025-07-27,Valentina Flores,valentina.flores36@mail.com,Rosario,Teclado mecánico,Periféricos,32000,2
1161,2025-07-29,Franco Fernández,franco.fernández24@mail.com,Córdoba,Router WiFi,Redes,38000,1
1161,2025-07-29,Franco Fernández,franco.fernández24@mail.com,Córdoba,Hub USB-C,Periféricos,12500,1
1252,2025-07-29,Mateo Flores,mateo.flores18@mail.com,La Plata,"Monitor 24""",Monitores,145000,4
1458,2025-07-29,Camila Flores,camila.flores45@mail.com,Buenos Aires,"Monitor 24""",Monitores,145000,4
1458,2025-07-29,Camila Flores,camila.flores45@mail.com,Buenos Aires,Mouse inalámbrico,Periféricos,8500,4
1098,2025-07-30,Agustina Romero,agustina.romero54@mail.com,Buenos Aires,SSD 1TB,Almacenamiento,58500,4
1029,2025-07-31,Mateo Flores,mateo.flores56@mail.com,La Plata,"Monitor 24""",Monitores,130500,3
1090,2025-07-31,Tomás Fernández,tomás.fernández29@mail.com,Rosario,Auriculares Bluetooth,Audio,17850,3
1474,2025-07-31,Franco López,franco.lopez25@mail.com,San Juan,Silla ergonómica,Muebles,210000,1
1208,2025-08-02,Santiago Gómez,santiago.gomez49@mail.com,San Juan,Router WiFi,Redes,38000,3
1208,2025-08-02,Santiago Gómez,santiago.gomez49@mail.com,San Juan,Mouse inalámbrico,Periféricos,8500,4
1208,2025-08-02,Santiago Gómez,santiago.gomez49@mail.com,San Juan,Mochila para notebook,Accesorios,24000,4
1262,2025-08-02,Sofía Gómez,sofia.gomez20@mail.com,San Juan,"Monitor 24""",Monitores,145000,4
1262,2025-08-02,Sofía Gómez,sofia.gomez20@mail.com,San Juan,Webcam HD,Periféricos,18500,4
1466,2025-08-02,Rocío Torres,rocio.torres6@mail.com,Mendoza,Mochila para notebook,Accesorios,20400,2
1466,2025-08-02,Rocío Torres,rocio.torres6@mail.com,Mendoza,Hub USB-C,Periféricos,12500,4
1466,2025-08-02,Rocío Torres,rocio.torres6@mail.com,Mendoza,Cargador rápido,Accesorios,9500,1
1486,2025-08-02,Micaela Díaz,micaela.diaz30@mail.com,San Juan,Cargador rápido,Accesorios,9500,4
1486,2025-08-02,Micaela Díaz,micaela.diaz30@mail.com,San Juan,Silla ergonómica,Muebles,210000,1
1486,2025-08-02,Micaela Díaz,micaela.diaz30@mail.com,San Juan,Webcam HD,Periféricos,18500,4
1019,2025-08-03,Sofía López,sofia.lopez5@mail.com,Buenos Aires,Hub USB-C,Periféricos,12500,3
1019,2025-08-03,Sofía López,sofia.lopez5@mail.com,Buenos Aires,Cargador rápido,Accesorios,9500,2
1019,2025-08-03,Sofía López,sofia.lopez5@mail.com,Buenos Aires,Silla ergonómica,Muebles,210000,2
1212,2025-08-03,Rocío Rodríguez,rocio.rodriguez55@mail.com,San Juan,"Monitor 24""",Monitores,123250,3
1257,2025-08-03,Agustina Flores,agustina.flores51@mail.com,Córdoba,Mouse inalámbrico,Periféricos,8500,1
1257,2025-08-03,Agustina Flores,agustina.flores51@mail.com,Córdoba,Auriculares Bluetooth,Audio,18900,1
1257,2025-08-03,Agustina Flores,agustina.flores51@mail.com,Córdoba,Router WiFi,Redes,38000,1
1386,2025-08-03,Santiago Pérez,santiago.pérez8@mail.com,Buenos Aires,Router WiFi,Redes,32300,2
1050,2025-08-04,Nicolás Sánchez,nicolás.sánchez53@mail.com,Mendoza,Hub USB-C,Periféricos,11250,4
1050,2025-08-04,Nicolás Sánchez,nicolás.sánchez53@mail.com,Mendoza,Mouse inalámbrico,Periféricos,8500,1
1056,2025-08-04,Florencia Romero,florencia.romero48@mail.com,Córdoba,Teclado mecánico,Periféricos,27200,1
1056,2025-08-04,Florencia Romero,florencia.romero48@mail.com,Córdoba,Mochila para notebook,Accesorios,24000,1
1062,2025-08-04,Agustina Romero,agustina.romero54@mail.com,Buenos Aires,Teclado mecánico,Periféricos,28800,3
1062,2025-08-04,Agustina Romero,agustina.romero54@mail.com,Buenos Aires,"Notebook 15""",Computadoras,765000,2
1177,2025-08-05,Milagros Acosta,milagros.acosta35@mail.com,Córdoba,Webcam HD,Periféricos,18500,2
1317,2025-08-05,Franco Fernández,franco.fernández24@mail.com,Córdoba,Mochila para notebook,Accesorios,20400,2
1591,2025-08-05,Sofía López,sofia.lopez5@mail.com,Buenos Aires,Auriculares Bluetooth,Audio,21000,3
1591,2025-08-05,Sofía López,sofia.lopez5@mail.com,Buenos Aires,Silla ergonómica,Muebles,189000,3
1591,2025-08-05,Sofía López,sofia.lopez5@mail.com,Buenos Aires,Hub USB-C,Periféricos,12500,2
1188,2025-08-06,Bruno Torres,bruno.torres46@mail.com,Mendoza,"Notebook 15""",Computadoras,722500,2
1411,2025-08-07,Juan Gómez,juan.gomez0@mail.com,San Juan,Webcam HD,Periféricos,18500,4
1054,2025-08-08,Milagros Pérez,milagros.pérez41@mail.com,La Plata,Mochila para notebook,Accesorios,24000,2
1326,2025-08-08,Santiago Díaz,santiago.diaz40@mail.com,San Juan,Hub USB-C,Periféricos,12500,2
1589,2025-08-09,Juan Gómez,juan.gomez0@mail.com,San Juan,Hub USB-C,Periféricos,10625,1
1589,2025-08-09,Juan Gómez,juan.gomez0@mail.com,San Juan,Auriculares Bluetooth,Audio,21000,3
1383,2025-08-10,Lucía Fernández,lucia.fernández10@mail.com,San Juan,"Notebook 15""",Computadoras,765000,4
1383,2025-08-10,Lucía Fernández,lucia.fernández10@mail.com,San Juan,Mochila para notebook,Accesorios,24000,2
1383,2025-08-10,Lucía Fernández,lucia.fernández10@mail.com,San Juan,Mouse inalámbrico,Periféricos,8500,2
1570,2025-08-10,Milagros Acosta,milagros.acosta35@mail.com,Córdoba,Auriculares Bluetooth,Audio,18900,2
1570,2025-08-10,Milagros Acosta,milagros.acosta35@mail.com,Córdoba,"Monitor 24""",Monitores,145000,1
1408,2025-08-11,Camila Díaz,camila.diaz38@mail.com,Buenos Aires,Mouse inalámbrico,Periféricos,8500,1
1603,2025-08-11,Emilio Díaz,emilio.diaz15@mail.com,Mendoza,Mouse inalámbrico,Periféricos,7225,3
1603,2025-08-11,Emilio Díaz,emilio.diaz15@mail.com,Mendoza,"Monitor 24""",Monitores,130500,1
1630,2025-08-11,Mateo Flores,mateo.flores56@mail.com,La Plata,Teclado mecánico,Periféricos,28800,1
1630,2025-08-11,Mateo Flores,mateo.flores56@mail.com,La Plata,Auriculares Bluetooth,Audio,21000,1
1036,2025-08-12,Camila Acosta,camila.acosta2@mail.com,Mendoza,Silla ergonómica,Muebles,210000,2
1517,2025-08-12,Camila Flores,camila.flores45@mail.com,Buenos Aires,SSD 1TB,Almacenamiento,58500,3
1517,2025-08-12,Camila Flores,camila.flores45@mail.com,Buenos Aires,"Monitor 24""",Monitores,130500,4
1590,2025-08-12,Agustina Acosta,agustina.acosta26@mail.com,San Juan,Auriculares Bluetooth,Audio,18900,4
1590,2025-08-12,Agustina Acosta,agustina.acosta26@mail.com,San Juan,"Monitor 24""",Monitores,145000,2
1160,2025-08-13,Emilio Díaz,emilio.diaz15@mail.com,Mendoza,Silla ergonómica,Muebles,210000,2
1160,2025-08-13,Emilio Díaz,emilio.diaz15@mail.com,Mendoza,Cargador rápido,Accesorios,9500,3
1192,2025-08-13,Camila Romero,camila.romero43@mail.com,Rosario,"Monitor 24""",Monitores,145000,1
1403,2025-08-13,Franco Fernández,franco.fernández24@mail.com,Córdoba,"Notebook 15""",Computadoras,765000,4
1403,2025-08-13,Franco Fernández,franco.fernández24@mail.com,Córdoba,"Monitor 24""",Monitores,123250,3
1403,2025-08-13,Franco Fernández,franco.fernández24@mail.com,Córdoba,Cargador rápido,Accesorios,9500,4
1595,2025-08-13,Santiago Pérez,santiago.pérez8@mail.com,Buenos Aires,Mouse inalámbrico,Periféricos,8500,2
1595,2025-08-13,Santiago Pérez,santiago.pérez8@mail.com,Buenos Aires,Auriculares Bluetooth,Audio,21000,4
1595,2025-08-13,Santiago Pérez,santiago.pérez8@mail.com,Buenos Aires,Teclado mecánico,Periféricos,28800,3
1047,2025-08-14,Micaela Rodríguez,micaela.rodriguez17@mail.com,La Plata,Cargador rápido,Accesorios,9500,3
1232,2025-08-15,Tomás Rodríguez,tomás.rodriguez22@mail.com,Rosario,Webcam HD,Periféricos,15725,2
1232,2025-08-15,Tomás Rodríguez,tomás.rodriguez22@mail.com,Rosario,Mochila para notebook,Accesorios,20400,3
1232,2025-08-15,Tomás Rodríguez,tomás.rodriguez22@mail.com,Rosario,Auriculares Bluetooth,Audio,21000,3
1579,2025-08-16,Mateo Flores,mateo.flores56@mail.com,La Plata,Cargador rápido,Accesorios,8550,4
1579,2025-08-16,Mateo Flores,mateo.flores56@mail.com,La Plata,Hub USB-C,Periféricos,12500,2
1190,2025-08-17,Franco Torres,franco.torres19@mail.com,Buenos Aires,Cargador rápido,Accesorios,9500,4
1190,2025-08-17,Franco Torres,franco.torres19@mail.com,Buenos Aires,"Notebook 15""",Computadoras,850000,4
1190,2025-08-17,Franco Torres,franco.torres19@mail.com,Buenos Aires,"Monitor 24""",Monitores,123250,3
1011,2025-08-18,Agustina Rodríguez,agustina.rodriguez34@mail.com,Buenos Aires,"Notebook 15""",Computadoras,850000,2
1168,2025-08-18,Mateo Flores,mateo.flores18@mail.com,La Plata,Silla ergonómica,Muebles,210000,2
1291,2025-08-18,Sofía Torres,sofia.torres27@mail.com,San Juan,Silla ergonómica,Muebles,210000,1
1291,2025-08-18,Sofía Torres,sofia.torres27@mail.com,San Juan,Cargador rápido,Accesorios,9500,1
1291,2025-08-18,Sofía Torres,sofia.torres27@mail.com,San Juan,"Notebook 15""",Computadoras,722500,1
1418,2025-08-18,Florencia Romero,florencia.romero48@mail.com,Córdoba,"Monitor 24""",Monitores,145000,2
1286,2025-08-19,Juan Flores,juan.flores50@mail.com,La Plata,Auriculares Bluetooth,Audio,18900,4
1286,2025-08-19,Juan Flores,juan.flores50@mail.com,La Plata,SSD 1TB,Almacenamiento,55250,2
1483,2025-08-20,Mateo Flores,mateo.flores18@mail.com,La Plata,"Monitor 24""",Monitores,123250,4
1082,2025-08-21,Sofía Gómez,sofia.gomez44@mail.com,Mendoza,Router WiFi,Redes,38000,2
1124,2025-08-21,Santiago López,santiago.lopez7@mail.com,San Juan,Router WiFi,Redes,32300,2
1144,2025-08-21,Agustina Acosta,agustina.acosta26@mail.com,San Juan,"Monitor 24""",Monitores,145000,3
1144,2025-08-21,Agustina Acosta,agustina.acosta26@mail.com,San Juan,SSD 1TB,Almacenamiento,65000,1
1100,2025-08-22,Martín Martínez,martin.martinez33@mail.com,Rosario,Cargador rápido,Accesorios,8550,2
1315,2025-08-23,Tomás Rodríguez,tomás.rodriguez22@mail.com,Rosario,"Monitor 24""",Monitores,145000,1
1315,2025-08-23,Tomás Rodríguez,tomás.rodriguez22@mail.com,Rosario,Router WiFi,Redes,38000,3
1315,2025-08-23,Tomás Rodríguez,tomás.rodriguez22@mail.com,Rosario,Webcam HD,Periféricos,18500,2
1446,2025-08-23,Valentina Flores,valentina.flores36@mail.com,Rosario,SSD 1TB,Almacenamiento,65000,2
1031,2025-08-24,Camila López,camila.lopez12@mail.com,Córdoba,Webcam HD,Periféricos,18500,2
1031,2025-08-24,Camila López,camila.lopez12@mail.com,Córdoba,Auriculares Bluetooth,Audio,18900,2
1065,2025-08-26,Florencia Romero,florencia.romero48@mail.com,Córdoba,Hub USB-C,Periféricos,12500,3
1065,2025-08-26,Florencia Romero,florencia.romero48@mail.com,Córdoba,Router WiFi,Redes,38000,4
1065,2025-08-26,Florencia Romero,florencia.romero48@mail.com,Córdoba,"Notebook 15""",Computadoras,765000,2
1118,2025-08-26,Santiago Díaz,santiago.diaz40@mail.com,San Juan,Webcam HD,Periféricos,18500,1
1118,2025-08-26,Santiago Díaz,santiago.diaz40@mail.com,San Juan,Router WiFi,Redes,38000,1
1118,2025-08-26,Santiago Díaz,santiago.diaz40@mail.com,San Juan,"Notebook 15""",Computadoras,765000,3
1365,2025-08-27,Bruno Gómez,bruno.gomez4@mail.com,Mendoza,Webcam HD,Periféricos,15725,1
1365,2025-08-27,Bruno Gómez,bruno.gomez4@mail.com,Mendoza,SSD 1TB,Almacenamiento,65000,4
1415,2025-08-27,Nicolás Romero,nicolás.romero28@mail.com,San Juan,Auriculares Bluetooth,Audio,21000,1
1415,2025-08-27,Nicolás Romero,nicolás.romero28@mail.com,San Juan,Webcam HD,Periféricos,18500,1
1495,2025-08-27,Tomás Díaz,tomás.diaz21@mail.com,Mendoza,"Monitor 24""",Monitores,123250,3
1495,2025-08-27,Tomás Díaz,tomás.diaz21@mail.com,Mendoza,Mouse inalámbrico,Periféricos,7225,1
1495,2025-08-27,Tomás Díaz,tomás.diaz21@mail.com,Mendoza,Cargador rápido,Accesorios,8550,3
1085,2025-08-28,Santiago López,santiago.lopez7@mail.com,San Juan,Webcam HD,Periféricos,16650,4
1085,2025-08-28,Santiago López,santiago.lopez7@mail.com,San Juan,"Notebook 15""",Computadoras,722500,1
1085,2025-08-28,Santiago López,santiago.lopez7@mail.com,San Juan,Cargador rápido,Accesorios,8550,1
1169,2025-08-29,Agustina Flores,agustina.flores51@mail.com,Córdoba,SSD 1TB,Almacenamiento,58500,4
1216,2025-08-29,Camila Díaz,camila.diaz38@mail.com,Buenos Aires,Silla ergonómica,Muebles,189000,1
1216,2025-08-29,Camila Díaz,camila.diaz38@mail.com,Buenos Aires,Mouse inalámbrico,Periféricos,8500,2
1176,2025-08-30,Franco Fernández,franco.fernández58@mail.com,La Plata,"Monitor 24""",Monitores,145000,1
1176,2025-08-30,Franco Fernández,franco.fernández58@mail.com,La Plata,Mochila para notebook,Accesorios,24000,1
1176,2025-08-30,Franco Fernández,franco.fernández58@mail.com,La Plata,Router WiFi,Redes,38000,2
1008,2025-08-31,Valentina Flores,valentina.flores36@mail.com,Rosario,Mochila para notebook,Accesorios,24000,4
1423,2025-08-31,Valentina Flores,valentina.flores36@mail.com,Rosario,"Monitor 24""",Monitores,130500,3
1476,2025-08-31,Milagros Acosta,milagros.acosta35@mail.com,Córdoba,Router WiFi,Redes,38000,1
1476,2025-08-31,Milagros Acosta,milagros.acosta35@mail.com,Córdoba,SSD 1TB,Almacenamiento,65000,2
1476,2025-08-31,Milagros Acosta,milagros.acosta35@mail.com,Córdoba,Mochila para notebook,Accesorios,24000,3
1004,2025-09-01,Micaela Martínez,micaela.martinez42@mail.com,Buenos Aires,"Monitor 24""",Monitores,145000,4
1004,2025-09-01,Micaela Martínez,micaela.martinez42@mail.com,Buenos Aires,Webcam HD,Periféricos,18500,2
1004,2025-09-01,Micaela Martínez,micaela.martinez42@mail.com,Buenos Aires,Silla ergonómica,Muebles,210000,4
1046,2025-09-01,Micaela Pérez,micaela.pérez47@mail.com,La Plata,Webcam HD,Periféricos,15725,3
1046,2025-09-01,Micaela Pérez,micaela.pérez47@mail.com,La Plata,Auriculares Bluetooth,Audio,21000,4
1159,2025-09-01,Camila Díaz,camila.diaz38@mail.com,Buenos Aires,"Monitor 24""",Monitores,145000,1
1159,2025-09-01,Camila Díaz,camila.diaz38@mail.com,Buenos Aires,Mouse inalámbrico,Periféricos,7225,1
1159,2025-09-01,Camila Díaz,camila.diaz38@mail.com,Buenos Aires,Mochila para notebook,Accesorios,24000,2
1425,2025-09-01,Santiago Rodríguez,santiago.rodriguez3@mail.com,La Plata,SSD 1TB,Almacenamiento,65000,3
1425,2025-09-01,Santiago Rodríguez,santiago.rodriguez3@mail.com,La Plata,Mouse inalámbrico,Periféricos,8500,3
1201,2025-09-03,Camila Flores,camila.flores45@mail.com,Buenos Aires,"Notebook 15""",Computadoras,850000,1
1201,2025-09-03,Camila Flores,camila.flores45@mail.com,Buenos Aires,Cargador rápido,Accesorios,9500,3
1201,2025-09-03,Camila Flores,camila.flores45@mail.com,Buenos Aires,Hub USB-C,Periféricos,11250,4
1385,2025-09-03,Mateo Flores,mateo.flores56@mail.com,La Plata,Teclado mecánico,Periféricos,28800,3
1404,2025-09-03,Nicolás Sánchez,nicolás.sánchez53@mail.com,Mendoza,Router WiFi,Redes,34200,2
1404,2025-09-03,Nicolás Sánchez,nicolás.sánchez53@mail.com,Mendoza,Cargador rápido,Accesorios,9500,1
1404,2025-09-03,Nicolás Sánchez,nicolás.sánchez53@mail.com,Mendoza,Auriculares Bluetooth,Audio,21000,3
1014,2025-09-04,Santiago López,santiago.lopez31@mail.com,San Juan,"Notebook 15""",Computadoras,850000,1
1534,2025-09-04,Micaela Díaz,micaela.diaz30@mail.com,San Juan,Auriculares Bluetooth,Audio,17850,4
1540,2025-09-04,Agustina Flores,agustina.flores51@mail.com,Córdoba,SSD 1TB,Almacenamiento,58500,1
1540,2025-09-04,Agustina Flores,agustina.flores51@mail.com,Córdoba,Hub USB-C,Periféricos,12500,2
1562,2025-09-04,Camila Acosta,camila.acosta2@mail.com,Mendoza,Hub USB-C,Periféricos,10625,4
1562,2025-09-04,Camila Acosta,camila.acosta2@mail.com,Mendoza,SSD 1TB,Almacenamiento,58500,3
1276,2025-09-05,Santiago Rodríguez,santiago.rodriguez3@mail.com,La Plata,Mochila para notebook,Accesorios,24000,4
1276,2025-09-05,Santiago Rodríguez,santiago.rodriguez3@mail.com,La Plata,Mouse inalámbrico,Periféricos,7225,1
1276,2025-09-05,Santiago Rodríguez,santiago.rodriguez3@mail.com,La Plata,Router WiFi,Redes,32300,3
1295,2025-09-05,Franco Torres,franco.torres19@mail.com,Buenos Aires,SSD 1TB,Almacenamiento,65000,3
1545,2025-09-05,Agustina Sánchez,agustina.sánchez23@mail.com,San Juan,Webcam HD,Periféricos,16650,3
1545,2025-09-05,Agustina Sánchez,agustina.sánchez23@mail.com,San Juan,Hub USB-C,Periféricos,12500,2
1003,2025-09-06,Bruno Torres,bruno.torres46@mail.com,Mendoza,Silla ergonómica,Muebles,210000,2
1052,2025-09-06,Sofía Torres,sofia.torres27@mail.com,San Juan,"Notebook 15""",Computadoras,765000,3
1319,2025-09-06,Juan Gómez,juan.gomez0@mail.com,San Juan,Auriculares Bluetooth,Audio,17850,4
1428,2025-09-06,Micaela Pérez,micaela.pérez47@mail.com,La Plata,SSD 1TB,Almacenamiento,65000,2
1428,2025-09-06,Micaela Pérez,micaela.pérez47@mail.com,La Plata,Mouse inalámbrico,Periféricos,7225,3
1428,2025-09-06,Micaela Pérez,micaela.pérez47@mail.com,La Plata,Silla ergonómica,Muebles,210000,4
1332,2025-09-07,Tomás Fernández,tomás.fernández29@mail.com,Rosario,Hub USB-C,Periféricos,11250,1
1332,2025-09-07,Tomás Fernández,tomás.fernández29@mail.com,Rosario,Mouse inalámbrico,Periféricos,8500,3
1467,2025-09-07,Micaela Díaz,micaela.diaz30@mail.com,San Juan,"Notebook 15""",Computadoras,850000,4
1514,2025-09-07,Bruno Torres,bruno.torres46@mail.com,Mendoza,SSD 1TB,Almacenamiento,65000,2
1514,2025-09-07,Bruno Torres,bruno.torres46@mail.com,Mendoza,"Monitor 24""",Monitores,123250,3
1524,2025-09-07,Juan Martínez,juan.martinez14@mail.com,Córdoba,Teclado mecánico,Periféricos,32000,3
1001,2025-09-08,Sofía Gómez,sofia.gomez20@mail.com,San Juan,Teclado mecánico,Periféricos,32000,3
1024,2025-09-08,Julieta Gómez,julieta.gomez32@mail.com,Buenos Aires,Mouse inalámbrico,Periféricos,8500,4
1024,2025-09-08,Julieta Gómez,julieta.gomez32@mail.com,Buenos Aires,Teclado mecánico,Periféricos,32000,1
1096,2025-09-08,Nicolás Sánchez,nicolás.sánchez53@mail.com,Mendoza,Mochila para notebook,Accesorios,24000,4
1314,2025-09-08,Micaela Martínez,micaela.martinez42@mail.com,Buenos Aires,Router WiFi,Redes,32300,4
1314,2025-09-08,Micaela Martínez,micaela.martinez42@mail.com,Buenos Aires,SSD 1TB,Almacenamiento,55250,4
1314,2025-09-08,Micaela Martínez,micaela.martinez42@mail.com,Buenos Aires,Hub USB-C,Periféricos,12500,1
1318,2025-09-08,Lucía Fernández,lucia.fernández10@mail.com,San Juan,"Monitor 24""",Monitores,130500,3
1318,2025-09-08,Lucía Fernández,lucia.fernández10@mail.com,San Juan,Cargador rápido,Accesorios,9500,1
1431,2025-09-08,Agustina Sánchez,agustina.sánchez23@mail.com,San Juan,Mochila para notebook,Accesorios,24000,3
1431,2025-09-08,Agustina Sánchez,agustina.sánchez23@mail.com,San Juan,"Monitor 24""",Monitores,145000,2
1431,2025-09-08,Agustina Sánchez,agustina.sánchez23@mail.com,San Juan,Cargador rápido,Accesorios,9500,1
1426,2025-09-09,Nicolás Sánchez,nicolás.sánchez53@mail.com,Mendoza,Router WiFi,Redes,38000,2
1426,2025-09-09,Nicolás Sánchez,nicolás.sánchez53@mail.com,Mendoza,Teclado mecánico,Periféricos,32000,4
1426,2025-09-09,Nicolás Sánchez,nicolás.sánchez53@mail.com,Mendoza,Auriculares Bluetooth,Audio,18900,3
1593,2025-09-09,Sofía Gómez,sofia.gomez44@mail.com,Mendoza,SSD 1TB,Almacenamiento,65000,1
1460,2025-09-10,Nicolás Sánchez,nicolás.sánchez53@mail.com,Mendoza,Teclado mecánico,Periféricos,32000,1
1261,2025-09-11,Milagros Acosta,milagros.acosta35@mail.com,Córdoba,SSD 1TB,Almacenamiento,55250,4
1296,2025-09-11,Bruno Torres,bruno.torres46@mail.com,Mendoza,Hub USB-C,Periféricos,12500,1
1296,2025-09-11,Bruno Torres,bruno.torres46@mail.com,Mendoza,Auriculares Bluetooth,Audio,21000,3
1296,2025-09-11,Bruno Torres,bruno.torres46@mail.com,Mendoza,Mochila para notebook,Accesorios,24000,4
1320,2025-09-11,Julieta Gómez,julieta.gomez32@mail.com,Buenos Aires,Router WiFi,Redes,34200,4
1320,2025-09-11,Julieta Gómez,julieta.gomez32@mail.com,Buenos Aires,Mochila para notebook,Accesorios,24000,4
1111,2025-09-12,Micaela Pérez,micaela.pérez47@mail.com,La Plata,Auriculares Bluetooth,Audio,21000,3
1111,2025-09-12,Micaela Pérez,micaela.pérez47@mail.com,La Plata,Hub USB-C,Periféricos,10625,2
1091,2025-09-13,Florencia Romero,florencia.romero48@mail.com,Córdoba,Mochila para notebook,Accesorios,20400,3
1091,2025-09-13,Florencia Romero,florencia.romero48@mail.com,Córdoba,Mouse inalámbrico,Periféricos,8500,2
1091,2025-09-13,Florencia Romero,florencia.romero48@mail.com,Córdoba,Auriculares Bluetooth,Audio,18900,4
1179,2025-09-13,Santiago López,santiago.lopez7@mail.com,San Juan,Silla ergonómica,Muebles,210000,2
1179,2025-09-13,Santiago López,santiago.lopez7@mail.com,San Juan,Mouse inalámbrico,Periféricos,7650,3
1179,2025-09-13,Santiago López,santiago.lopez7@mail.com,San Juan,Cargador rápido,Accesorios,8075,1
1214,2025-09-13,Tomás Fernández,tomás.fernández29@mail.com,Rosario,Mochila para notebook,Accesorios,21600,1
1214,2025-09-13,Tomás Fernández,tomás.fernández29@mail.com,Rosario,Mouse inalámbrico,Periféricos,8500,4
1571,2025-09-13,Agustina Acosta,agustina.acosta26@mail.com,San Juan,Router WiFi,Redes,34200,3
1596,2025-09-13,Franco Torres,franco.torres19@mail.com,Buenos Aires,Mochila para notebook,Accesorios,24000,3
1596,2025-09-13,Franco Torres,franco.torres19@mail.com,Buenos Aires,Mouse inalámbrico,Periféricos,8500,2
1306,2025-09-14,Sofía Gómez,sofia.gomez44@mail.com,Mendoza,SSD 1TB,Almacenamiento,58500,1
1388,2025-09-15,Franco Fernández,franco.fernández58@mail.com,La Plata,"Notebook 15""",Computadoras,850000,2
1388,2025-09-15,Franco Fernández,franco.fernández58@mail.com,La Plata,Webcam HD,Periféricos,15725,3
1451,2025-09-15,Franco Fernández,franco.fernández24@mail.com,Córdoba,Webcam HD,Periféricos,18500,1
1451,2025-09-15,Franco Fernández,franco.fernández24@mail.com,Córdoba,"Monitor 24""",Monitores,130500,3
1451,2025-09-15,Franco Fernández,franco.fernández24@mail.com,Córdoba,Teclado mecánico,Periféricos,28800,3
1522,2025-09-15,Agustina Sánchez,agustina.sánchez23@mail.com,San Juan,Router WiFi,Redes,32300,2
1537,2025-09-16,Martín Martínez,martin.martinez33@mail.com,Rosario,"Notebook 15""",Computadoras,850000,1
1537,2025-09-16,Martín Martínez,martin.martinez33@mail.com,Rosario,"Monitor 24""",Monitores,123250,4
1537,2025-09-16,Martín Martínez,martin.martinez33@mail.com,Rosario,Hub USB-C,Periféricos,10625,1
1140,2025-09-17,Rocío Torres,rocio.torres6@mail.com,Mendoza,"Monitor 24""",Monitores,145000,4
1223,2025-09-17,Tomás Díaz,tomás.diaz21@mail.com,Mendoza,Silla ergonómica,Muebles,189000,3
1223,2025-09-17,Tomás Díaz,tomás.diaz21@mail.com,Mendoza,Mochila para notebook,Accesorios,24000,1
1223,2025-09-17,Tomás Díaz,tomás.diaz21@mail.com,Mendoza,Hub USB-C,Periféricos,12500,3
1303,2025-09-17,Franco López,franco.lopez25@mail.com,San Juan,"Notebook 15""",Computadoras,722500,3
1303,2025-09-17,Franco López,franco.lopez25@mail.com,San Juan,Silla ergonómica,Muebles,210000,1
1303,2025-09-17,Franco López,franco.lopez25@mail.com,San Juan,Mouse inalámbrico,Periféricos,8500,2
1471,2025-09-17,Santiago Rodríguez,santiago.rodriguez3@mail.com,La Plata,Silla ergonómica,Muebles,189000,4
1095,2025-09-18,Camila López,camila.lopez12@mail.com,Córdoba,"Monitor 24""",Monitores,145000,4
1095,2025-09-18,Camila López,camila.lopez12@mail.com,Córdoba,Teclado mecánico,Periféricos,32000,3
1095,2025-09-18,Camila López,camila.lopez12@mail.com,Córdoba,Webcam HD,Periféricos,18500,3
1481,2025-09-18,Micaela Díaz,micaela.diaz30@mail.com,San Juan,Cargador rápido,Accesorios,9500,2
1501,2025-09-18,Agustina Flores,agustina.flores51@mail.com,Córdoba,Mochila para notebook,Accesorios,24000,3
1501,2025-09-18,Agustina Flores,agustina.flores51@mail.com,Córdoba,Mouse inalámbrico,Periféricos,7225,3
1647,2025-09-18,Franco Fernández,franco.fernández24@mail.com,Córdoba,Teclado mecánico,Periféricos,32000,1
1647,2025-09-18,Franco Fernández,franco.fernández24@mail.com,Córdoba,SSD 1TB,Almacenamiento,55250,2
1647,2025-09-18,Franco Fernández,franco.fernández24@mail.com,Córdoba,Mochila para notebook,Accesorios,20400,4
1305,2025-09-19,Juan Martínez,juan.martinez14@mail.com,Córdoba,Silla ergonómica,Muebles,189000,2
1305,2025-09-19,Juan Martínez,juan.martinez14@mail.com,Córdoba,Cargador rápido,Accesorios,8550,3
1305,2025-09-19,Juan Martínez,juan.martinez14@mail.com,Córdoba,Hub USB-C,Periféricos,10625,4
1563,2025-09-19,Bruno Martínez,bruno.martinez11@mail.com,Córdoba,"Notebook 15""",Computadoras,850000,2
1563,2025-09-19,Bruno Martínez,bruno.martinez11@mail.com,Córdoba,Auriculares Bluetooth,Audio,18900,4
1484,2025-09-20,Sofía Gómez,sofia.gomez44@mail.com,Mendoza,Cargador rápido,Accesorios,8075,3
1484,2025-09-20,Sofía Gómez,sofia.gomez44@mail.com,Mendoza,Silla ergonómica,Muebles,210000,2
1511,2025-09-20,Emilio López,emilio.lopez57@mail.com,Buenos Aires,"Monitor 24""",Monitores,145000,2
1493,2025-09-21,Bruno Martínez,bruno.martinez11@mail.com,Córdoba,"Notebook 15""",Computadoras,765000,1
1005,2025-09-22,Nicolás Romero,nicolás.romero28@mail.com,San Juan,Teclado mecánico,Periféricos,32000,2
1005,2025-09-22,Nicolás Romero,nicolás.romero28@mail.com,San Juan,Auriculares Bluetooth,Audio,21000,3
1202,2025-09-22,Camila Romero,camila.romero43@mail.com,Rosario,"Monitor 24""",Monitores,145000,2
1202,2025-09-22,Camila Romero,camila.romero43@mail.com,Rosario,Silla ergonómica,Muebles,178500,4
1438,2025-09-22,Florencia Torres,florencia.torres9@mail.com,Córdoba,Mouse inalámbrico,Periféricos,8500,4
1087,2025-09-23,Micaela Díaz,micaela.diaz30@mail.com,San Juan,Mochila para notebook,Accesorios,21600,4
1087,2025-09-23,Micaela Díaz,micaela.diaz30@mail.com,San Juan,Webcam HD,Periféricos,16650,1
1087,2025-09-23,Micaela Díaz,micaela.diaz30@mail.com,San Juan,"Monitor 24""",Monitores,130500,3
1196,2025-09-23,Santiago López,santiago.lopez31@mail.com,San Juan,Silla ergonómica,Muebles,210000,3
1196,2025-09-23,Santiago López,santiago.lopez31@mail.com,San Juan,Teclado mecánico,Periféricos,32000,4
1552,2025-09-23,Camila López,camila.lopez12@mail.com,Córdoba,Cargador rápido,Accesorios,9500,1
1131,2025-09-24,Camila Acosta,camila.acosta2@mail.com,Mendoza,Mochila para notebook,Accesorios,24000,1
1131,2025-09-24,Camila Acosta,camila.acosta2@mail.com,Mendoza,Router WiFi,Redes,34200,4
1526,2025-09-24,Rocío Torres,rocio.torres6@mail.com,Mendoza,Webcam HD,Periféricos,16650,2
1526,2025-09-24,Rocío Torres,rocio.torres6@mail.com,Mendoza,Cargador rápido,Accesorios,9500,4
1526,2025-09-24,Rocío Torres,rocio.torres6@mail.com,Mendoza,Hub USB-C,Periféricos,10625,1
1601,2025-09-24,Micaela Pérez,micaela.pérez47@mail.com,La Plata,Webcam HD,Periféricos,18500,4
1063,2025-09-25,Bruno Martínez,bruno.martinez11@mail.com,Córdoba,Webcam HD,Periféricos,16650,4
1063,2025-09-25,Bruno Martínez,bruno.martinez11@mail.com,Córdoba,Hub USB-C,Periféricos,10625,4
1063,2025-09-25,Bruno Martínez,bruno.martinez11@mail.com,Córdoba,Silla ergonómica,Muebles,210000,3
1421,2025-09-25,Juan Flores,juan.flores50@mail.com,La Plata,Teclado mecánico,Periféricos,32000,2
1421,2025-09-25,Juan Flores,juan.flores50@mail.com,La Plata,"Notebook 15""",Computadoras,850000,1
1643,2025-09-25,Agustina Rodríguez,agustina.rodriguez34@mail.com,Buenos Aires,Silla ergonómica,Muebles,210000,2
1643,2025-09-25,Agustina Rodríguez,agustina.rodriguez34@mail.com,Buenos Aires,Mochila para notebook,Accesorios,20400,4
1072,2025-09-26,Micaela Rodríguez,micaela.rodriguez17@mail.com,La Plata,Webcam HD,Periféricos,18500,3
1072,2025-09-26,Micaela Rodríguez,micaela.rodriguez17@mail.com,La Plata,Teclado mecánico,Periféricos,32000,3
1072,2025-09-26,Micaela Rodríguez,micaela.rodriguez17@mail.com,La Plata,Auriculares Bluetooth,Audio,21000,3
1429,2025-09-26,Santiago Gómez,santiago.gomez49@mail.com,San Juan,Mouse inalámbrico,Periféricos,8500,2
1429,2025-09-26,Santiago Gómez,santiago.gomez49@mail.com,San Juan,"Monitor 24""",Monitores,145000,2
1429,2025-09-26,Santiago Gómez,santiago.gomez49@mail.com,San Juan,Auriculares Bluetooth,Audio,21000,4
1278,2025-09-27,Camila López,camila.lopez12@mail.com,Córdoba,SSD 1TB,Almacenamiento,65000,4
1278,2025-09-27,Camila López,camila.lopez12@mail.com,Córdoba,Webcam HD,Periféricos,16650,3
1395,2025-09-27,Agustina Romero,agustina.romero54@mail.com,Buenos Aires,Teclado mecánico,Periféricos,27200,4
1395,2025-09-27,Agustina Romero,agustina.romero54@mail.com,Buenos Aires,SSD 1TB,Almacenamiento,65000,1
1644,2025-09-27,Emilio López,emilio.lopez57@mail.com,Buenos Aires,Webcam HD,Periféricos,18500,2
